"Date","Fish_ID_Day","Habitat","PIT_tag","Species","FL","TL","Weight","date","doy","age_cluster"
2022-05-07,2,"Mainstem","E0CD008","Coho","89",94,6.3,2022-05-07,127,"age-2"
2022-05-07,3,"Mainstem","NA","Coho","61",65,2.1,2022-05-07,127,"age-1"
2022-05-07,4,"Mainstem","NA","Coho","49",53,1.6,2022-05-07,127,"age-1"
2022-05-07,5,"Mainstem/Side Channel","NA","Coho","59",65,2,2022-05-07,127,"age-1"
2022-05-07,8,"Mainstem/Side Channel","NA","Coho","49",53,1.5,2022-05-07,127,"age-1"
2022-05-07,9,"Mainstem/Side Channel","E0CCFE6","Coho","96",103,9,2022-05-07,127,"age-2"
2022-05-07,14,"Mainstem/Side Channel","NA","Coho","56",61,1.8,2022-05-07,127,"age-1"
2022-05-07,15,"Mainstem/Side Channel","NA","Coho","62",67,2.6,2022-05-07,127,"age-1"
2022-05-07,18,"Mainstem/Side Channel","NA","Coho","55",59,1.7,2022-05-07,127,"age-1"
2022-05-07,21,"Mainstem/Side Channel","NA","Coho","53",58,1.6,2022-05-07,127,"age-1"
2022-05-07,22,"Mainstem/Side Channel","NA","Coho","65",70,2.8,2022-05-07,127,"age-1"
2022-05-07,24,"Mainstem","NA","Coho","62",67,2.8,2022-05-07,127,"age-1"
2022-05-07,25,"Mainstem","NA","Coho","57",60,1.7,2022-05-07,127,"age-1"
2022-05-07,26,"Mainstem","NA","Coho","47",50,1.4,2022-05-07,127,"age-1"
2022-05-07,27,"Mainstem","NA","Coho","57",61,1.8,2022-05-07,127,"age-1"
2022-05-07,28,"Mainstem","NA","Coho","58",61,2.1,2022-05-07,127,"age-1"
2022-05-07,29,"Mainstem","E0CD00C","Coho","68",74,2.9,2022-05-07,127,"age-1"
2022-05-07,30,"Mainstem","NA","Coho","64",69,2.6,2022-05-07,127,"age-1"
2022-05-07,33,"Mainstem","E0CD013","Coho","70",75,3.6,2022-05-07,127,"age-1"
2022-05-07,35,"Mainstem","E0CCFC8","Coho","74",80,3.9,2022-05-07,127,"age-1"
2022-05-07,42,"Mainstem","NA","Coho","65",70,2.6,2022-05-07,127,"age-1"
2022-05-07,45,"Seep","E0CD010","Coho","72",78,3.8,2022-05-07,127,"age-1"
2022-05-07,46,"Seep","NA","Coho","48",51,1.3,2022-05-07,127,"age-1"
2022-05-07,48,"Seep","NA","Coho","65",70,2.6,2022-05-07,127,"age-1"
2022-05-07,50,"Seep","NA","Coho","60",66,2.5,2022-05-07,127,"age-1"
2022-05-07,51,"Seep","E0CD004","Coho","70",76,3.7,2022-05-07,127,"age-1"
2022-05-07,53,"Seep","E0CCFF7","Coho","78",85,4.4,2022-05-07,127,"age-2"
2022-05-07,54,"Seep","NA","Coho","52",55,1.4,2022-05-07,127,"age-1"
2022-05-07,55,"Seep","NA","Coho","48",50,1,2022-05-07,127,"age-1"
2022-05-07,57,"Seep","NA","Coho","60",65,2.1,2022-05-07,127,"age-1"
2022-05-07,58,"Seep","NA","Coho","60",64,2.1,2022-05-07,127,"age-1"
2022-05-07,59,"Seep","NA","Coho","60",64,1.8,2022-05-07,127,"age-1"
2022-05-07,61,"Seep","NA","Coho","54",57,1.5,2022-05-07,127,"age-1"
2022-05-07,63,"Seep","NA","Coho","58",62,2.2,2022-05-07,127,"age-1"
2022-05-07,64,"Seep","NA","Coho","57",61,2,2022-05-07,127,"age-1"
2022-05-07,65,"Seep","NA","Coho","63",64,2.4,2022-05-07,127,"age-1"
2022-05-07,66,"Seep","NA","Coho","59",63,2,2022-05-07,127,"age-1"
2022-05-07,67,"Seep","NA","Coho","64",70,2.6,2022-05-07,127,"age-1"
2022-05-07,68,"Seep","E0CCFF5","Coho","68",73,3,2022-05-07,127,"age-1"
2022-05-29,1,"Seep","NA","Coho","59",63,2.5,2022-05-29,149,"age-1"
2022-05-29,4,"Seep","NA","Coho","56",61,2.3,2022-05-29,149,"age-1"
2022-05-29,5,"Seep","NA","Coho","51",55,1.4,2022-05-29,149,"age-1"
2022-05-29,6,"Seep","NA","Coho","59",63,2.3,2022-05-29,149,"age-1"
2022-05-29,7,"Seep","NA","Coho","59",64,2.4,2022-05-29,149,"age-1"
2022-05-29,8,"Mainstem","E0CCFF1","Coho","65",70,3.1,2022-05-29,149,"age-1"
2022-05-29,11,"Mainstem","NA","Coho","64",67,2.9,2022-05-29,149,"age-1"
2022-05-29,12,"Mainstem","NA","Coho","54",58,1.9,2022-05-29,149,"age-1"
2022-05-29,16,"Mainstem","E0CCFC9","Coho","65",70,3.1,2022-05-29,149,"age-1"
2022-05-29,17,"Mainstem","NA","Coho","63",68,2.7,2022-05-29,149,"age-1"
2022-05-29,18,"Mainstem","E0CD00B","Coho","68",73,3.5,2022-05-29,149,"age-1"
2022-05-29,21,"Mainstem","NA","Coho","57",62,2,2022-05-29,149,"age-1"
2022-05-29,22,"Mainstem","E0CCFEC","Coho","83",90,6.2,2022-05-29,149,"age-1"
2022-05-29,23,"Mainstem","NA","Coho","54",58,1.7,2022-05-29,149,"age-1"
2022-05-29,25,"Mainstem","E0CCFC3","Coho","65",71,3,2022-05-29,149,"age-1"
2022-05-29,26,"Mainstem","NA","Coho","61",65,2.6,2022-05-29,149,"age-1"
2022-05-29,28,"Mainstem","E0CCFE0","Coho","82",89,6.1,2022-05-29,149,"age-1"
2022-05-29,29,"Mainstem","NA","Coho","47",50,1.2,2022-05-29,149,"age-1"
2022-05-29,31,"Mainstem","E0CD015","Coho","78",84,5,2022-05-29,149,"age-1"
2022-05-29,32,"Mainstem","E0CCFFD","Coho","76",84,4.9,2022-05-29,149,"age-1"
2022-05-29,36,"Mainstem","E0CD01E","Coho","73",79,4.3,2022-05-29,149,"age-1"
2022-05-29,39,"Mainstem","NA","Coho","64",68,2.7,2022-05-29,149,"age-1"
2022-05-29,40,"Mainstem","E0CCFCF","Coho","72",77,4.1,2022-05-29,149,"age-1"
2022-05-29,42,"Mainstem","E0CCFDE","Coho","67",74,3.6,2022-05-29,149,"age-1"
2022-05-29,44,"Mainstem","NA","Coho","62",67,2.4,2022-05-29,149,"age-1"
2022-05-29,47,"Mainstem","NA","Coho","62",68,2.8,2022-05-29,149,"age-1"
2022-05-29,51,"Mainstem","E0CCFC5","Coho","72",77,3.7,2022-05-29,149,"age-1"
2022-05-29,52,"Mainstem","NA","Coho","50",53,1.2,2022-05-29,149,"age-1"
2022-05-29,53,"Mainstem","NA","Coho","60",66,2.4,2022-05-29,149,"age-1"
2022-05-29,56,"Mainstem","E0CCFCA","Coho","65",69,3,2022-05-29,149,"age-1"
2022-05-29,62,"Seep","NA","Coho","53",56,1.5,2022-05-29,149,"age-1"
2022-05-29,63,"Seep","E0CCFEF","Coho","65",69,3.1,2022-05-29,149,"age-1"
2022-05-29,66,"Seep","NA","Coho","55",60,1.9,2022-05-29,149,"age-1"
2022-05-29,69,"Seep","NA","Coho","60",65,2.5,2022-05-29,149,"age-1"
2022-05-29,70,"Seep","E0CCFD2","Coho","66",71,3.1,2022-05-29,149,"age-1"
2022-06-02,4,"Seep","NA","Coho","58",62,1.9,2022-06-02,153,"age-1"
2022-06-02,8,"Seep","NA","Coho","55",59,2,2022-06-02,153,"age-1"
2022-06-02,9,"Seep","NA","Coho","52",56,1.6,2022-06-02,153,"age-1"
2022-06-02,11,"Seep","NA","Coho","59",64,2.3,2022-06-02,153,"age-1"
2022-06-02,13,"Seep","NA","Coho","50",55,1.5,2022-06-02,153,"age-1"
2022-06-02,14,"Seep","NA","Coho","56",61,2,2022-06-02,153,"age-1"
2022-06-02,17,"Seep","NA","Coho","62",67,2.9,2022-06-02,153,"age-1"
2022-06-02,18,"Seep","E0CD1F0","Coho","72",78,4.6,2022-06-02,153,"age-1"
2022-06-02,20,"Mainstem","NA","Coho","60",65,2.2,2022-06-02,153,"age-1"
2022-06-02,22,"Mainstem","E0CD215","Coho","80",86,4.9,2022-06-02,153,"age-1"
2022-06-02,23,"Mainstem","E0CD1D8","Coho","68",73,3.8,2022-06-02,153,"age-1"
2022-06-02,24,"Mainstem","E0CD1DC","Coho","75",80,4.2,2022-06-02,153,"age-1"
2022-06-02,25,"Mainstem","NA","Coho","56",61,1.7,2022-06-02,153,"age-1"
2022-06-02,31,"Mainstem","NA","Coho","55",60,1.9,2022-06-02,153,"age-1"
2022-06-02,32,"Mainstem","E0CD208","Coho","63",68,2.7,2022-06-02,153,"age-1"
2022-06-02,33,"Mainstem","E0CD1F7","Coho","65",70,2.9,2022-06-02,153,"age-1"
2022-06-02,34,"Mainstem","E0CD1EB","Coho","65",69,2.5,2022-06-02,153,"age-1"
2022-06-02,36,"Mainstem","NA","Coho","58",62,2.5,2022-06-02,153,"age-1"
2022-06-02,39,"Mainstem","NA","Coho","56",60,1.8,2022-06-02,153,"age-1"
2022-06-02,40,"Mainstem","E0CD1E6","Coho","70",77,4.1,2022-06-02,153,"age-1"
2022-06-02,41,"Mainstem","NA","Coho","57",61,1.9,2022-06-02,153,"age-1"
2022-06-02,45,"Mainstem","E0CD1C7","Coho","68",73,3,2022-06-02,153,"age-1"
2022-06-02,47,"Mainstem","NA","Coho","60",66,2.2,2022-06-02,153,"age-1"
2022-06-02,48,"Mainstem","E0CD1F6","Coho","65",69,2.6,2022-06-02,153,"age-1"
2022-06-02,49,"Mainstem","E0CD1BC","Coho","64",70,3.1,2022-06-02,153,"age-1"
2022-06-02,52,"Mainstem/Side Channel","NA","Coho","55",59,1.6,2022-06-02,153,"age-1"
2022-06-02,53,"Mainstem/Side Channel","NA","Coho","52",61,2,2022-06-02,153,"age-1"
2022-06-02,54,"Mainstem/Side Channel","NA","Coho","55",58,1.8,2022-06-02,153,"age-1"
2022-06-02,55,"Mainstem/Side Channel","E0CD1F4","Coho","71",75,3.4,2022-06-02,153,"age-1"
2022-06-20,1,"Mainstem","E0CD1E4","Coho","81",87,5.9,2022-06-20,171,"age-1"
2022-06-20,2,"Mainstem","E0CD1C4","Coho","76",82,5.2,2022-06-20,171,"age-1"
2022-06-20,5,"Mainstem","NA","Coho","59",63,2.3,2022-06-20,171,"age-1"
2022-06-20,6,"Mainstem","NA","Coho","61",66,3,2022-06-20,171,"age-1"
2022-06-20,7,"Mainstem","E0CD1D4","Coho","76",82,4.9,2022-06-20,171,"age-1"
2022-06-20,8,"Mainstem","NA","Coho","66",71,3.1,2022-06-20,171,"age-1"
2022-06-20,9,"Mainstem","E0CD1B4","Coho","67",72,3.7,2022-06-20,171,"age-1"
2022-06-20,10,"Mainstem","E0CD20B","Coho","70",76,3.7,2022-06-20,171,"age-1"
2022-06-20,11,"Mainstem","NA","Coho","62",67,2.7,2022-06-20,171,"age-1"
2022-06-20,12,"Mainstem","NA","Coho","57",61,2.1,2022-06-20,171,"age-1"
2022-06-20,13,"Mainstem","NA","Coho","63",67,2.8,2022-06-20,171,"age-1"
2022-06-20,14,"Mainstem","E0CD1D2","Coho","65",70,3.6,2022-06-20,171,"age-1"
2022-06-20,15,"Mainstem","NA","Coho","62",66,2.9,2022-06-20,171,"age-1"
2022-06-20,16,"Mainstem","E0CD013","Coho","76",82,4.9,2022-06-20,171,"age-1"
2022-06-20,18,"Mainstem","E0CD1E0","Coho","71",76,4.5,2022-06-20,171,"age-1"
2022-06-20,19,"Mainstem","E0CD1B3","Coho","70",76,4.1,2022-06-20,171,"age-1"
2022-06-20,20,"Mainstem","E0CD211","Coho","65",70,2.8,2022-06-20,171,"age-1"
2022-06-20,21,"Mainstem","E0CD206","Coho","83",88,6.4,2022-06-20,171,"age-1"
2022-06-20,22,"Mainstem","E0CD1D0","Coho","70",75,3.8,2022-06-20,171,"age-1"
2022-06-20,24,"Mainstem","E0CD1D3","Coho","65",70,3.2,2022-06-20,171,"age-1"
2022-06-20,25,"Mainstem","NA","Coho","60",64,2.4,2022-06-20,171,"age-1"
2022-06-20,26,"Mainstem","NA","Coho","55",60,2,2022-06-20,171,"age-1"
2022-06-20,27,"Mainstem","NA","Coho","36",38,0.4,2022-06-20,171,"age-0"
2022-06-20,31,"Mainstem","E0CD1D9","Coho","70",75,4,2022-06-20,171,"age-1"
2022-06-20,32,"Mainstem","E0CD1D1","Coho","72",79,4.4,2022-06-20,171,"age-1"
2022-06-20,33,"Mainstem","E0CD1C3","Coho","71",76,4,2022-06-20,171,"age-1"
2022-06-20,40,"Mainstem","NA","Coho","60",65,2.3,2022-06-20,171,"age-1"
2022-06-20,41,"Mainstem","E0CD1E8","Coho","65",70,3.2,2022-06-20,171,"age-1"
2022-06-20,42,"Mainstem","NA","Coho","61",65,2.5,2022-06-20,171,"age-1"
2022-06-20,43,"Mainstem","E0CD209","Coho","65",70,3.3,2022-06-20,171,"age-1"
2022-06-20,44,"Mainstem","E0CD1CA","Coho","75",82,4.8,2022-06-20,171,"age-1"
2022-06-21,1,"Mainstem","E0CD1B9","Coho","81",87,5.8,2022-06-21,172,"age-1"
2022-06-21,2,"Mainstem","E0CD1FD","Coho","75",81,4.9,2022-06-21,172,"age-1"
2022-06-21,3,"Mainstem","E0CD1BD","Coho","77",83,5.1,2022-06-21,172,"age-1"
2022-06-21,4,"Mainstem","E0CD1BF","Coho","73",79,4.2,2022-06-21,172,"age-1"
2022-06-21,7,"Mainstem","E0CD1E9","Coho","72",77,4.1,2022-06-21,172,"age-1"
2022-06-21,8,"Mainstem","E0CD1C7","Coho","72",78,4.1,2022-06-21,172,"age-1"
2022-06-21,9,"Mainstem","E0CD200","Coho","79",85,5.5,2022-06-21,172,"age-1"
2022-06-21,10,"Mainstem","E0CD1EF","Coho","74",79,4.6,2022-06-21,172,"age-1"
2022-06-21,11,"Mainstem","E0CD1E7","Coho","74",80,4.6,2022-06-21,172,"age-1"
2022-06-21,12,"Mainstem","E0CD20F","Coho","81",86,5,2022-06-21,172,"age-1"
2022-06-21,13,"Mainstem","E0CD201","Coho","73",79,4.3,2022-06-21,172,"age-1"
2022-06-21,15,"Mainstem","E0CD1BC","Coho","71",77,4,2022-06-21,172,"age-1"
2022-06-21,16,"Mainstem","E0CD1F2","Coho","77",83,5.1,2022-06-21,172,"age-1"
2022-06-21,17,"Mainstem","E0CD1DA","Coho","86",94,8.3,2022-06-21,172,"age-1"
2022-06-21,19,"Mainstem","E0CD1FE","Coho","67",71,3.1,2022-06-21,172,"age-1"
2022-06-21,21,"Mainstem","E0CD1FA","Coho","72",79,4.2,2022-06-21,172,"age-1"
2022-06-21,22,"Mainstem","E0CD1E1","Coho","66",70,2.9,2022-06-21,172,"age-1"
2022-06-21,23,"Mainstem","E0CD1CB","Coho","70",75,3.7,2022-06-21,172,"age-1"
2022-06-21,25,"Mainstem","E0CCFE0","Coho","89",95,7.8,2022-06-21,172,"age-1"
2022-06-21,27,"Mainstem","E0CD1EA","Coho","67",72,3.1,2022-06-21,172,"age-1"
2022-06-21,28,"Mainstem","E0CD1D5","Coho","88",95,8.3,2022-06-21,172,"age-1"
2022-06-21,33,"Mainstem","E0CD1BB","Coho","82",88,5.8,2022-06-21,172,"age-1"
2022-06-21,38,"Mainstem","E0CD1FB","Coho","81",87,5.3,2022-06-21,172,"age-1"
2022-06-21,41,"Mainstem","E0CD212","Coho","83",89,5.9,2022-06-21,172,"age-1"
2022-06-21,53,"Mainstem","E0CD1F1","Coho","71",76,4.5,2022-06-21,172,"age-1"
2022-06-21,54,"Mainstem","E0CD1E5","Coho","79",85,5.4,2022-06-21,172,"age-1"
2022-07-01,1,"Mainstem","E0CD213","Coho","68",74,4,2022-07-01,182,"age-1"
2022-07-01,2,"Mainstem","E0CD1F3","Coho","74",79,5.2,2022-07-01,182,"age-1"
2022-07-01,3,"Mainstem","E0CD1E0","Coho","77",83,5.7,2022-07-01,182,"age-1"
2022-07-01,4,"Mainstem","E0CD071","Coho","69",75,3.3,2022-07-01,182,"age-1"
2022-07-01,9,"Mainstem","E0CD034","Coho","68",72,3.7,2022-07-01,182,"age-1"
2022-07-01,12,"Mainstem","E0CD053","Coho","72",78,4.3,2022-07-01,182,"age-1"
2022-07-01,13,"Mainstem","E0CD077","Coho","71",76,4.3,2022-07-01,182,"age-1"
2022-07-01,14,"Mainstem","E0CD078","Coho","72",77,3.7,2022-07-01,182,"age-1"
2022-07-01,15,"Mainstem","NA","Coho","58",63,2,2022-07-01,182,"age-1"
2022-07-01,17,"Mainstem","NA","Coho","65",69,2.8,2022-07-01,182,"age-1"
2022-07-01,18,"Mainstem","E0CD063","Coho","69",74,3.5,2022-07-01,182,"age-1"
2022-07-01,21,"Mainstem","E0CD023","Coho","72",76,4.2,2022-07-01,182,"age-1"
2022-07-01,22,"Mainstem","E0CD03D","Coho","66",72,3.2,2022-07-01,182,"age-1"
2022-07-01,24,"Mainstem","E0CD067","Coho","74",80,4.7,2022-07-01,182,"age-1"
2022-07-01,25,"Mainstem","NA","Coho","60",65,2.5,2022-07-01,182,"age-1"
2022-07-01,28,"Mainstem","E0CD086","Coho","78",83,5.3,2022-07-01,182,"age-1"
2022-07-01,30,"Mainstem","E0CD052","Coho","80",86,5.6,2022-07-01,182,"age-1"
2022-07-01,31,"Mainstem","E0CD024","Coho","70",74,3.6,2022-07-01,182,"age-1"
2022-07-01,35,"Mainstem","E0CD036","Coho","70",75,3.6,2022-07-01,182,"age-1"
2022-07-01,37,"Mainstem","NA","Coho","64",67,2.9,2022-07-01,182,"age-1"
2022-07-01,38,"Mainstem","E0CD055","Coho","81",88,7,2022-07-01,182,"age-1"
2022-07-01,39,"Mainstem","E0CD040","Coho","73",77,4.4,2022-07-01,182,"age-1"
2022-07-01,41,"Mainstem","E0CD07B","Coho","66",70,3.4,2022-07-01,182,"age-1"
2022-07-01,48,"Mainstem","NA","Coho","55",60,2,2022-07-01,182,"age-1"
2022-07-01,54,"Mainstem","NA","Coho","38",40,0.5,2022-07-01,182,"age-0"
2022-07-01,56,"Mainstem","E0CD04E","Coho","70",74,3.6,2022-07-01,182,"age-1"
2022-07-01,58,"Mainstem","E0CD04F","Coho","74",80,4.9,2022-07-01,182,"age-1"
2022-07-01,59,"Mainstem","E0CD02E","Coho","69",73,3.8,2022-07-01,182,"age-1"
2022-07-01,63,"Mainstem","NA","Coho","34",35,0.4,2022-07-01,182,"age-0"
2022-07-01,64,"Mainstem","E0CD04A","Coho","75",80,4.6,2022-07-01,182,"age-1"
2022-07-01,67,"Mainstem","NA","Coho","34",35,0.3,2022-07-01,182,"age-0"
2022-07-01,69,"Mainstem","NA","Coho","58",62,2.1,2022-07-01,182,"age-1"
2022-07-01,76,"Mainstem","E0CD069","Coho","65",70,3,2022-07-01,182,"age-1"
2022-07-01,80,"Mainstem","E0CD1F2","Coho","80",85,5.5,2022-07-01,182,"age-1"
2022-07-01,81,"Mainstem","E0CD084","Coho","70",75,3.3,2022-07-01,182,"age-1"
2022-07-01,82,"Mainstem","E0CD05C","Coho","96",104,10.2,2022-07-01,182,"age-1"
2022-07-01,83,"Mainstem","E0CCFFD","Coho","88",94,6.8,2022-07-01,182,"age-1"
2022-07-01,84,"Mainstem","E0CD046","Coho","68",72,3.8,2022-07-01,182,"age-1"
2022-07-01,85,"Mainstem","E0CD039","Coho","75",79,4.3,2022-07-01,182,"age-1"
2022-07-01,87,"Mainstem","E0CD062","Coho","86",93,6.6,2022-07-01,182,"age-1"
2022-07-01,88,"Mainstem","E0CD051","Coho","85",93,6.7,2022-07-01,182,"age-1"
2022-07-01,89,"Mainstem","NA","Coho","63",67,2.6,2022-07-01,182,"age-1"
2022-07-01,90,"Mainstem","NA","Coho","65",68,2.8,2022-07-01,182,"age-1"
2022-07-01,91,"Mainstem","E0CD00B","Coho","78",83,4.9,2022-07-01,182,"age-1"
2022-07-01,92,"Mainstem","E0CD1EF","Coho","76",83,5,2022-07-01,182,"age-1"
2022-07-01,93,"Mainstem","E0CD1BC","Coho","75",79,4.4,2022-07-01,182,"age-1"
2022-07-01,94,"Mainstem","E0CD05E","Coho","66",72,3.3,2022-07-01,182,"age-1"
2022-07-01,95,"Mainstem","E0CD1FE","Coho","68",73,3,2022-07-01,182,"age-1"
2022-07-01,96,"Mainstem","E0CD029","Coho","78",84,4.9,2022-07-01,182,"age-1"
2022-07-01,97,"Mainstem","E0CD04B","Coho","70",76,4,2022-07-01,182,"age-1"
2022-07-01,98,"Mainstem","E0CD049","Coho","84",90,5.7,2022-07-01,182,"age-1"
2022-07-01,99,"Mainstem","E0CD06E","Coho","75",80,5.4,2022-07-01,182,"age-1"
2022-07-01,100,"Mainstem","E0CD07C","Coho","66",71,3.2,2022-07-01,182,"age-1"
2022-07-01,101,"Mainstem","NA","Coho","63",67,3.6,2022-07-01,182,"age-1"
2022-07-01,102,"Mainstem","NA","Coho","34",35,0.3,2022-07-01,182,"age-0"
2022-07-01,108,"Mainstem","NA","Coho","35",36,0.3,2022-07-01,182,"age-0"
2022-07-01,109,"Mainstem","E0CD031","Coho","78",84,4.7,2022-07-01,182,"age-1"
2022-07-01,111,"Mainstem","E0CD074","Coho","75",80,4.4,2022-07-01,182,"age-1"
2022-07-01,112,"Mainstem","E0CD07D","Coho","65",70,3.1,2022-07-01,182,"age-1"
2022-07-05,1,"Mainstem","NA","Coho","62",65,2.7,2022-07-05,186,"age-1"
2022-07-05,2,"Mainstem","E0CD050","Coho","72",76,4.5,2022-07-05,186,"age-1"
2022-07-05,5,"Mainstem","E0CD05F","Coho","79",86,6,2022-07-05,186,"age-1"
2022-07-05,8,"Mainstem","E0CD07E","Coho","88",95,8.2,2022-07-05,186,"age-1"
2022-07-05,9,"Mainstem","E0CD060","Coho","82",89,6.9,2022-07-05,186,"age-1"
2022-07-05,13,"Mainstem","E0CD06C","Coho","79",84,5,2022-07-05,186,"age-1"
2022-07-05,14,"Mainstem","E0CD043","Coho","68",72,4,2022-07-05,186,"age-1"
2022-07-05,16,"Mainstem","NA","Coho","64",69,3,2022-07-05,186,"age-1"
2022-07-05,18,"Mainstem","E0CD044","Coho","70",75,4,2022-07-05,186,"age-1"
2022-07-05,19,"Mainstem","E0CD02D","Coho","71",76,4.5,2022-07-05,186,"age-1"
2022-07-05,20,"Mainstem","E0CD056","Coho","73",78,4.3,2022-07-05,186,"age-1"
2022-07-05,21,"Mainstem","E0CD065","Coho","80",85,5.8,2022-07-05,186,"age-1"
2022-07-05,22,"Mainstem","E0CD06B","Coho","73",79,4.2,2022-07-05,186,"age-1"
2022-07-05,24,"Mainstem","E0CD06F","Coho","74",79,4.5,2022-07-05,186,"age-1"
2022-07-05,28,"Mainstem","E0CD045","Coho","75",80,5,2022-07-05,186,"age-1"
2022-07-05,30,"Mainstem","E0CCFDE","Coho","78",85,6.7,2022-07-05,186,"age-1"
2022-07-05,33,"Mainstem","E0CD035","Coho","81",87,6.3,2022-07-05,186,"age-1"
2022-07-05,36,"Mainstem","E0CD03F","Coho","65",70,3,2022-07-05,186,"age-1"
2022-07-05,38,"Mainstem","E0CD057","Coho","83",88,5.8,2022-07-05,186,"age-1"
2022-07-05,41,"Mainstem","E0CD071","Coho","70",74,4.1,2022-07-05,186,"age-1"
2022-07-05,45,"Mainstem","E0CD053","Coho","74",77,4.6,2022-07-05,186,"age-1"
2022-07-05,54,"Mainstem","E0CD063","Coho","70",74,4,2022-07-05,186,"age-1"
2022-07-05,55,"Mainstem","NA","Coho","50",53,1.4,2022-07-05,186,"age-0"
2022-07-05,56,"Mainstem","E0CD02C","Coho","65",71,3.2,2022-07-05,186,"age-1"
2022-07-05,57,"Mainstem","E0CD03A","Coho","67",71,3.4,2022-07-05,186,"age-1"
2022-07-05,61,"Mainstem","E0CD033","Coho","68",72,3.4,2022-07-05,186,"age-1"
2022-07-05,64,"Mainstem","E0CD16A","Coho","83",87,5.8,2022-07-05,186,"age-1"
2022-07-05,68,"Mainstem","E0CD166","Coho","75",80,4.8,2022-07-05,186,"age-1"
2022-07-05,74,"Mainstem","E0CD151","Coho","182",187,6.1,2022-07-05,186,"age-1"
2022-07-19,1,"Mainstem","E0CD176","Coho","81",88,6.3,2022-07-19,200,"age-1"
2022-07-19,2,"Mainstem","E0CD15B","Coho","85",92,6.5,2022-07-19,200,"age-1"
2022-07-19,3,"Mainstem","E0CD1AA","Coho","70",76,4.2,2022-07-19,200,"age-1"
2022-07-19,4,"Mainstem","E0CD150","Coho","80",85,5.6,2022-07-19,200,"age-1"
2022-07-19,5,"Mainstem","E0CD19A","Coho","79",85,5.9,2022-07-19,200,"age-1"
2022-07-19,6,"Mainstem","E0CCFDE","Coho","81",89,6.4,2022-07-19,200,"age-1"
2022-07-19,9,"Mainstem","E0CD206","Coho","94",101,9.5,2022-07-19,200,"age-1"
2022-07-19,10,"Mainstem","E0CD198","Coho","81",87,5.9,2022-07-19,200,"age-1"
2022-07-19,11,"Mainstem","NA","Coho","40",42,0.7,2022-07-19,200,"age-0"
2022-07-19,15,"Mainstem","E0CD1A9","Coho","75",81,5.2,2022-07-19,200,"age-1"
2022-07-19,16,"Mainstem","E0CD18E","Coho","72",76,4.1,2022-07-19,200,"age-1"
2022-07-19,17,"Mainstem","E0CD050","Coho","75",82,5.5,2022-07-19,200,"age-1"
2022-07-19,18,"Mainstem","E0CD194","Coho","85",92,8.5,2022-07-19,200,"age-1"
2022-07-19,19,"Mainstem","E0CD1A2","Coho","83",90,7.8,2022-07-19,200,"age-1"
2022-07-19,20,"Mainstem","E0CD195","Coho","87",94,7.7,2022-07-19,200,"age-1"
2022-07-19,21,"Mainstem","E0CD15A","Coho","77",83,5.4,2022-07-19,200,"age-1"
2022-07-19,24,"Mainstem","E0CD167","Coho","82",87,6.6,2022-07-19,200,"age-1"
2022-07-19,26,"Mainstem","E0CD06E","Coho","78",84,6,2022-07-19,200,"age-1"
2022-07-19,28,"Mainstem","E0CD18D","Coho","78",84,5.6,2022-07-19,200,"age-1"
2022-07-19,29,"Mainstem","E0CD17A","Coho","78",83,5.4,2022-07-19,200,"age-1"
2022-07-19,30,"Mainstem","NA","Coho","50",52,1.4,2022-07-19,200,"age-0"
2022-07-19,33,"Mainstem","E0CD062","Coho","89",95,8.1,2022-07-19,200,"age-1"
2022-07-19,34,"Mainstem","E0CD05E","Coho","69",74,3.6,2022-07-19,200,"age-1"
2022-07-19,37,"Mainstem","E0CD1A6","Coho","78",84,5.8,2022-07-19,200,"age-1"
2022-07-19,38,"Mainstem","E0CD046","Coho","73",78,4.5,2022-07-19,200,"age-1"
2022-07-19,46,"Mainstem","E0CD1A7","Coho","75",80,4.7,2022-07-19,200,"age-1"
2022-07-19,49,"Mainstem","E0CD1C3","Coho","82",89,6.7,2022-07-19,200,"age-1"
2022-07-19,50,"Mainstem","E0CD173","Coho","90",97,8.1,2022-07-19,200,"age-1"
2022-07-19,60,"Mainstem","E0CD1B1","Coho","88",94,8,2022-07-19,200,"age-1"
2022-07-19,63,"Mainstem","E0CD153","Coho","95",103,9.8,2022-07-19,200,"age-1"
2022-07-19,67,"Mainstem","E0CD1A3","Coho","85",90,6.2,2022-07-19,200,"age-1"
2022-07-19,70,"Mainstem","NA","Coho","73",78,4.5,2022-07-19,200,"age-1"
2022-07-22,1,"Mainstem/Side Channel","NA","Coho","50",55,1.4,2022-07-22,203,"age-0"
2022-07-22,2,"Mainstem/Side Channel","NA","Coho","40",43,0.9,2022-07-22,203,"age-0"
2022-07-22,3,"Mainstem/Side Channel","NA","Coho","40",44,0.8,2022-07-22,203,"age-0"
2022-07-22,4,"Mainstem/Side Channel","NA","Coho","38",41,0.5,2022-07-22,203,"age-0"
2022-07-22,5,"Mainstem/Side Channel","NA","Coho","47",51,1.5,2022-07-22,203,"age-0"
2022-07-22,6,"Mainstem/Side Channel","E0CD169","Coho","100",113,12.6,2022-07-22,203,"age-1"
2022-07-22,7,"Mainstem/Side Channel","NA","Coho","38",40,0.7,2022-07-22,203,"age-0"
2022-07-22,10,"Mainstem/Side Channel","E0CD177","Coho","82",86,5.7,2022-07-22,203,"age-1"
2022-07-22,12,"Mainstem/Side Channel","NA","Coho","44",46,1,2022-07-22,203,"age-0"
2022-07-22,13,"Mainstem/Side Channel","E0CD18F","Coho","87",94,8.5,2022-07-22,203,"age-1"
2022-07-22,14,"Mainstem/Side Channel","E0CD188","Coho","73",78,5.8,2022-07-22,203,"age-1"
2022-07-22,15,"Mainstem/Side Channel","NA","Coho","54",58,2.2,2022-07-22,203,"age-0"
2022-07-22,16,"Mainstem/Side Channel","NA","Coho","39",41,1,2022-07-22,203,"age-0"
2022-07-22,18,"Mainstem/Side Channel","NA","Coho","46",49,1.9,2022-07-22,203,"age-0"
2022-07-22,19,"Mainstem/Side Channel","E0CD192","Coho","89",95,6.3,2022-07-22,203,"age-1"
2022-07-22,20,"Mainstem/Side Channel","E0CD164","Coho","82",89,7.9,2022-07-22,203,"age-1"
2022-07-22,21,"Mainstem/Side Channel","NA","Coho","47",49,2.1,2022-07-22,203,"age-0"
2022-07-22,25,"Mainstem/Side Channel","NA","Coho","48",50,1.8,2022-07-22,203,"age-0"
2022-07-22,26,"Mainstem/Side Channel","NA","Coho","52",55,2.6,2022-07-22,203,"age-0"
2022-07-22,27,"Mainstem/Side Channel","E0CD1A0","Coho","92",98,9.1,2022-07-22,203,"age-1"
2022-07-22,28,"Mainstem/Side Channel","E0CD15E","Coho","91",99,10.1,2022-07-22,203,"age-1"
2022-07-22,29,"Mainstem/Side Channel","E0CD156","Coho","82",89,7.7,2022-07-22,203,"age-1"
2022-07-22,33,"Mainstem/Side Channel","E0CD057","Coho","85",93,8.4,2022-07-22,203,"age-1"
2022-07-22,35,"Mainstem/Side Channel","NA","Coho","37",38,1.1,2022-07-22,203,"age-0"
2022-07-22,36,"Mainstem/Side Channel","E0CD1B2","Coho","64",70,4.6,2022-07-22,203,"age-1"
2022-07-22,40,"Mainstem/Side Channel","E0CD17D","Coho","86",94,8.7,2022-07-22,203,"age-1"
2022-07-22,41,"Mainstem/Side Channel","E0CD19B","Coho","74",80,5.4,2022-07-22,203,"age-1"
2022-07-22,42,"Mainstem/Side Channel","E0CD1A4","Coho","79",86,6.4,2022-07-22,203,"age-1"
2022-07-22,44,"Mainstem/Side Channel","E0CD182","Coho","92",100,9.6,2022-07-22,203,"age-1"
2022-07-22,47,"Mainstem/Side Channel","NA","Coho","36",40,1.3,2022-07-22,203,"age-0"
2022-07-22,48,"Mainstem/Side Channel","E0CD17F","Coho","74",80,5.2,2022-07-22,203,"age-1"
2022-07-22,50,"Mainstem/Side Channel","E0CD1A1","Coho","78",85,5.8,2022-07-22,203,"age-1"
2022-07-22,51,"Mainstem","E0CD20B","Coho","86",93,7.8,2022-07-22,203,"age-1"
2022-07-22,58,"Mainstem","NA","Coho","63",68,3.9,2022-07-22,203,"age-0"
2022-07-22,59,"Mainstem","E0CD1A5","Coho","94",101,10.8,2022-07-22,203,"age-1"
2022-07-22,60,"Mainstem","NA","Coho","36",39,0.4,2022-07-22,203,"age-0"
2022-07-22,62,"Mainstem","NA","Coho","49",52,1.4,2022-07-22,203,"age-0"
2022-07-22,68,"Mainstem","NA","Coho","41",43,1.3,2022-07-22,203,"age-0"
2022-07-22,77,"Mainstem","E0CD185","Coho","76",81,5.3,2022-07-22,203,"age-1"
2022-07-22,83,"Mainstem","E0CD036","Coho","75",80,4.6,2022-07-22,203,"age-1"
2022-07-25,2,"Mainstem","E0CD180","Coho","80",87,5.8,2022-07-25,206,"age-1"
2022-07-25,3,"Mainstem","E0CD197","Coho","88",93,9.2,2022-07-25,206,"age-1"
2022-07-25,4,"Mainstem","NA","Coho","38",36,0.5,2022-07-25,206,"age-0"
2022-07-25,6,"Mainstem","NA","Coho","66",69,3.3,2022-07-25,206,"age-1"
2022-07-25,8,"Mainstem","NA","Coho","52",55,1.4,2022-07-25,206,"age-0"
2022-07-25,10,"Mainstem","NA","Coho","41",43,0.6,2022-07-25,206,"age-0"
2022-07-25,11,"Mainstem","E0CD045","Coho","78",85,5.7,2022-07-25,206,"age-1"
2022-07-25,12,"Mainstem","NA","Coho","48",51,2.1,2022-07-25,206,"age-0"
2022-07-25,14,"Mainstem","E0CD193","Coho","75",81,5,2022-07-25,206,"age-1"
2022-07-25,18,"Mainstem","E0CD05E","Coho","69",74,3.7,2022-07-25,206,"age-1"
2022-07-25,19,"Mainstem","E0CD00B","Coho","82",89,6.4,2022-07-25,206,"age-1"
2022-07-25,20,"Mainstem","E0CD1A8","Coho","86",92,7.5,2022-07-25,206,"age-1"
2022-07-25,21,"Mainstem","E0CD062","Coho","89",96,7.7,2022-07-25,206,"age-1"
2022-07-25,23,"Mainstem","NA","Coho","72",75,3.8,2022-07-25,206,"age-1"
2022-07-25,24,"Mainstem","E0CD157","Coho","78",85,5.4,2022-07-25,206,"age-1"
2022-07-25,25,"Mainstem","NA","Coho","51",53,1.4,2022-07-25,206,"age-0"
2022-07-25,26,"Mainstem","E0CD103","Coho","81",87,6.7,2022-07-25,206,"age-1"
2022-07-25,35,"Mainstem","E0CD209","Coho","76",82,5.2,2022-07-25,206,"age-1"
2022-07-25,40,"Mainstem","NA","Coho","42",45,0.8,2022-07-25,206,"age-0"
2022-07-25,44,"Mainstem","E0CD031","Coho","82",88,6.2,2022-07-25,206,"age-1"
2022-07-25,45,"Mainstem","E0CD084","Coho","73",79,4.4,2022-07-25,206,"age-1"
2022-07-25,46,"Mainstem","E0CD144","Coho","96",104,10.6,2022-07-25,206,"age-1"
2022-07-25,48,"Mainstem","E0CD13C","Coho","77",83,5.4,2022-07-25,206,"age-1"
2022-07-25,49,"Mainstem","E0CD055","Coho","88",95,8.2,2022-07-25,206,"age-1"
2022-07-25,50,"Mainstem","E0CD1FE","Coho","74",78,4.2,2022-07-25,206,"age-1"
2022-07-25,51,"Mainstem","NA","Coho","59",64,2.4,2022-07-25,206,"age-0"
2022-07-25,54,"Mainstem","E0CD14A","Coho","70",76,6,2022-07-25,206,"age-1"
2022-07-25,55,"Mainstem","E0CD11E","Coho","78",84,5.2,2022-07-25,206,"age-1"
2022-07-25,58,"Mainstem","E0CD114","Coho","87",94,7.9,2022-07-25,206,"age-1"
2022-07-25,62,"Mainstem","E0CD101","Coho","73",80,4.3,2022-07-25,206,"age-1"
2022-07-25,65,"Mainstem","E0CD121","Coho","73",79,4.5,2022-07-25,206,"age-1"
2022-07-25,68,"Mainstem","E0CD167","Coho","83",89,6.8,2022-07-25,206,"age-1"
2022-07-25,70,"Mainstem","E0CD0EB","Coho","82",89,6.5,2022-07-25,206,"age-1"
2022-07-25,72,"Mainstem","E0CD043","Coho","74",79,4.7,2022-07-25,206,"age-1"
2022-08-09,2,"Mainstem","NA","Coho","43",47,1,2022-08-09,221,"age-0"
2022-08-09,3,"Mainstem","E0CD1F1","Coho","90",98,9.8,2022-08-09,221,"age-1"
2022-08-09,4,"Mainstem","E0CD17A","Coho","83",89,7.9,2022-08-09,221,"age-1"
2022-08-09,5,"Mainstem","NA","Coho","51",56,1.7,2022-08-09,221,"age-0"
2022-08-09,7,"Mainstem","NA","Coho","47",50,1.2,2022-08-09,221,"age-0"
2022-08-09,8,"Mainstem","NA","Coho","45",48,1,2022-08-09,221,"age-0"
2022-08-09,24,"Mainstem","NA","Coho","55",57,1.9,2022-08-09,221,"age-0"
2022-08-09,63,"Mainstem","E0CD107","Coho","104",114,13.5,2022-08-09,221,"age-1"
2022-08-09,64,"Mainstem","NA","Coho","42",45,0.8,2022-08-09,221,"age-0"
2022-08-09,65,"Mainstem","NA","Coho","62",67,2.5,2022-08-09,221,"age-0"
2022-08-09,66,"Mainstem","NA","Coho","38",40,0.6,2022-08-09,221,"age-0"
2022-08-09,67,"Mainstem","NA","Coho","44",46,0.8,2022-08-09,221,"age-0"
2022-08-09,68,"Mainstem","NA","Coho","40",41,1,2022-08-09,221,"age-0"
2022-08-09,69,"Mainstem","NA","Coho","45",47,1.5,2022-08-09,221,"age-0"
2022-08-09,70,"Mainstem","NA","Coho","37",38,0.5,2022-08-09,221,"age-0"
2022-08-09,71,"Mainstem","NA","Coho","44",47,1,2022-08-09,221,"age-0"
2022-08-09,72,"Mainstem","NA","Coho","44",45,1.6,2022-08-09,221,"age-0"
2022-08-09,73,"Mainstem","NA","Coho","50",55,1.8,2022-08-09,221,"age-0"
2022-08-09,74,"Mainstem","NA","Coho","41",43,0.7,2022-08-09,221,"age-0"
2022-08-09,75,"Mainstem","NA","Coho","41",44,0.8,2022-08-09,221,"age-0"
2022-08-09,76,"Mainstem","NA","Coho","40",41,0.6,2022-08-09,221,"age-0"
2022-08-09,77,"Mainstem","NA","Coho","48",53,1.5,2022-08-09,221,"age-0"
2022-08-09,78,"Mainstem","NA","Coho","51",55,1.4,2022-08-09,221,"age-0"
2022-08-09,79,"Mainstem","NA","Coho","55",60,2.1,2022-08-09,221,"age-0"
2022-08-09,81,"Mainstem","E0CD0FB","Coho","101",109,11.2,2022-08-09,221,"age-1"
2022-08-09,82,"Mainstem","NA","Coho","45",48,0.9,2022-08-09,221,"age-0"
2022-08-09,83,"Mainstem","NA","Coho","42",45,0.8,2022-08-09,221,"age-0"
2022-08-09,84,"Mainstem","NA","Coho","40",43,0.6,2022-08-09,221,"age-0"
2022-08-09,85,"Mainstem","NA","Coho","40",43,0.7,2022-08-09,221,"age-0"
2022-08-09,86,"Mainstem","NA","Coho","59",63,2.2,2022-08-09,221,"age-0"
2022-08-09,87,"Mainstem","NA","Coho","65",70,2.8,2022-08-09,221,"age-1"
2022-08-09,88,"Mainstem","E0CD0F6","Coho","80",86,5.5,2022-08-09,221,"age-1"
2022-08-09,89,"Mainstem","E0CD035","Coho","87",95,7.4,2022-08-09,221,"age-1"
2022-08-09,91,"Mainstem","E0CD14B","Coho","74",80,4.4,2022-08-09,221,"age-1"
2022-08-09,93,"Mainstem","E0CD084","Coho","78",84,5.3,2022-08-09,221,"age-1"
2022-08-09,94,"Mainstem","NA","Coho","50",54,1.6,2022-08-09,221,"age-0"
2022-08-09,95,"Mainstem","NA","Coho","64",69,2.8,2022-08-09,221,"age-1"
2022-08-09,96,"Mainstem","NA","Coho","46",49,1.3,2022-08-09,221,"age-0"
2022-08-09,98,"Mainstem","NA","Coho","38",40,0.6,2022-08-09,221,"age-0"
2022-08-09,99,"Mainstem","NA","Coho","42",45,1,2022-08-09,221,"age-0"
2022-08-09,100,"Mainstem","NA","Coho","43",46,0.9,2022-08-09,221,"age-0"
2022-08-09,101,"Mainstem","NA","Coho","37",39,0.7,2022-08-09,221,"age-0"
2022-08-09,103,"Mainstem","NA","Coho","43",45,0.9,2022-08-09,221,"age-0"
2022-08-09,104,"Mainstem","NA","Coho","45",48,1.1,2022-08-09,221,"age-0"
2022-08-09,105,"Mainstem","NA","Coho","40",43,0.8,2022-08-09,221,"age-0"
2022-08-09,106,"Mainstem","NA","Coho","55",59,1.8,2022-08-09,221,"age-0"
2022-08-09,107,"Mainstem","E0CD147","Coho","84",88,7,2022-08-09,221,"age-1"
2022-08-09,108,"Mainstem","NA","Coho","43",47,1,2022-08-09,221,"age-0"
2022-08-09,110,"Mainstem","NA","Coho","40",43,0.8,2022-08-09,221,"age-0"
2022-08-09,111,"Mainstem","NA","Coho","47",49,1.2,2022-08-09,221,"age-0"
2022-08-09,112,"Mainstem","NA","Coho","45",49,1.2,2022-08-09,221,"age-0"
2022-08-09,117,"Mainstem","NA","Coho","57",65,3,2022-08-09,221,"age-0"
2022-08-09,119,"Mainstem","NA","Coho","44",47,1,2022-08-09,221,"age-0"
2022-08-09,120,"Mainstem","NA","Coho","42",44,1.1,2022-08-09,221,"age-0"
2022-08-09,122,"Mainstem","NA","Coho","41",44,1,2022-08-09,221,"age-0"
2022-08-09,123,"Mainstem","NA","Coho","40",41,0.7,2022-08-09,221,"age-0"
2022-08-09,124,"Mainstem","NA","Coho","42",45,0.9,2022-08-09,221,"age-0"
2022-08-09,127,"Mainstem","E0CD0FD","Coho","73",79,4.4,2022-08-09,221,"age-1"
2022-08-09,128,"Mainstem","E0CD115","Coho","91",100,8.8,2022-08-09,221,"age-1"
2022-08-09,132,"Mainstem","NA","Coho","65",68,2.7,2022-08-09,221,"age-0"
2022-08-09,133,"Mainstem","NA","Coho","62",67,2.7,2022-08-09,221,"age-0"
2022-08-09,134,"Mainstem","E0CD1B4","Coho","86",92,7.8,2022-08-09,221,"age-1"
2022-08-09,135,"Mainstem","E0CD07C","Coho","78",83,5.1,2022-08-09,221,"age-1"
2022-08-09,137,"Mainstem","E0CD0FE","Coho","75",80,4.7,2022-08-09,221,"age-1"
2022-08-09,138,"Mainstem","NA","Coho","55",59,2,2022-08-09,221,"age-0"
2022-08-09,139,"Mainstem","NA","Coho","43",45,1.2,2022-08-09,221,"age-0"
2022-08-09,140,"Mainstem","E0CD111","Coho","70",75,4,2022-08-09,221,"age-1"
2022-08-09,142,"Mainstem","NA","Coho","68",73,3.8,2022-08-09,221,"age-1"
2022-08-09,144,"Mainstem","NA","Coho","55",58,1.9,2022-08-09,221,"age-0"
2022-08-09,145,"Mainstem","NA","Coho","47",50,1,2022-08-09,221,"age-0"
2022-08-09,146,"Mainstem","NA","Coho","55",59,2,2022-08-09,221,"age-0"
2022-08-09,147,"Mainstem","NA","Coho","50",53,1.4,2022-08-09,221,"age-0"
2022-08-09,148,"Mainstem","NA","Coho","55",58,1.8,2022-08-09,221,"age-0"
2022-08-09,149,"Mainstem","NA","Coho","51",55,1.6,2022-08-09,221,"age-0"
2022-08-09,150,"Mainstem","NA","Coho","47",49,1.2,2022-08-09,221,"age-0"
2022-08-09,151,"Mainstem","NA","Coho","49",52,1.3,2022-08-09,221,"age-0"
2022-08-09,152,"Mainstem","NA","Coho","39",43,0.7,2022-08-09,221,"age-0"
2022-08-09,153,"Mainstem","NA","Coho","45",48,0.9,2022-08-09,221,"age-0"
2022-08-09,154,"Mainstem","NA","Coho","51",55,1.9,2022-08-09,221,"age-0"
2022-08-09,155,"Mainstem","NA","Coho","59",63,2.3,2022-08-09,221,"age-0"
2022-08-09,156,"Mainstem","NA","Coho","60",64,2.3,2022-08-09,221,"age-0"
2022-08-09,157,"Mainstem","NA","Coho","44",47,1,2022-08-09,221,"age-0"
2022-08-09,158,"Mainstem","NA","Coho","48",48,1.1,2022-08-09,221,"age-0"
2022-08-19,1,"Mainstem","NA","Coho","53",57,1.8,2022-08-19,231,"age-0"
2022-08-19,4,"Mainstem","E0CD00B","Coho","87",95,8.4,2022-08-19,231,"age-1"
2022-08-19,5,"Mainstem","NA","Coho","53",57,1.6,2022-08-19,231,"age-0"
2022-08-19,6,"Mainstem","E0CD1F2","Coho","93",101,10.9,2022-08-19,231,"age-1"
2022-08-19,7,"Mainstem","NA","Coho","54",58,1.9,2022-08-19,231,"age-0"
2022-08-19,8,"Mainstem","E0CD128","Coho","96",103,10.2,2022-08-19,231,"age-1"
2022-08-19,9,"Mainstem","E0CD1DA","Coho","103",113,16.1,2022-08-19,231,"age-1"
2022-08-19,10,"Mainstem","E0CD1A2","Coho","88",97,7.8,2022-08-19,231,"age-1"
2022-08-19,14,"Mainstem","NA","Coho","60",65,2.8,2022-08-19,231,"age-0"
2022-08-19,18,"Mainstem","E0CD132","Coho","74",81,4.5,2022-08-19,231,"age-1"
2022-08-19,20,"Mainstem","E0CD0FF","Coho","93",101,9.8,2022-08-19,231,"age-1"
2022-08-19,21,"Mainstem","NA","Coho","62",67,2.8,2022-08-19,231,"age-0"
2022-08-19,24,"Mainstem","E0CD117","Coho","95",103,10,2022-08-19,231,"age-1"
2022-08-19,26,"Mainstem","E0CD12F","Coho","90",98,9.4,2022-08-19,231,"age-1"
2022-08-19,27,"Mainstem","E0CD135","Coho","105",114,13.3,2022-08-19,231,"age-1"
2022-08-19,29,"Mainstem","NA","Coho","55",59,1.6,2022-08-19,231,"age-0"
2022-08-19,33,"Mainstem","E0CD046","Coho","80",87,6.6,2022-08-19,231,"age-1"
2022-08-19,35,"Mainstem","E0CD142","Coho","90",97,9.2,2022-08-19,231,"age-1"
2022-08-19,49,"Mainstem","E0CD118","Coho","100",108,11.8,2022-08-19,231,"age-1"
2022-08-19,51,"Mainstem","E0CD12E","Coho","100",109,12.3,2022-08-19,231,"age-1"
2022-08-19,61,"Mainstem","E0CD133","Coho","91",99,8.7,2022-08-19,231,"age-1"
2022-08-19,62,"Mainstem","E0CD106","Coho","78",84,5.5,2022-08-19,231,"age-1"
2022-08-19,68,"Mainstem","E0CD200","Coho","96",105,10.1,2022-08-19,231,"age-1"
2022-08-19,73,"Mainstem","E0CD105","Coho","95",104,9.4,2022-08-19,231,"age-1"
2022-08-19,84,"Mainstem","E0CD012","Coho","95",101,8.1,2022-08-19,231,"age-1"
2022-08-19,110,"Mainstem","NA","Coho","52",55,1.4,2022-08-19,231,"age-0"
2022-08-19,111,"Mainstem","NA","Coho","52",55,1.5,2022-08-19,231,"age-0"
2022-08-19,112,"Mainstem","NA","Coho","50",54,1.4,2022-08-19,231,"age-0"
2022-08-19,113,"Mainstem","NA","Coho","53",57,1.7,2022-08-19,231,"age-0"
2022-08-19,114,"Mainstem","NA","Coho","57",62,2.1,2022-08-19,231,"age-0"
2022-08-19,115,"Mainstem","NA","Coho","44",49,1.1,2022-08-19,231,"age-0"
2022-08-19,116,"Mainstem","NA","Coho","45",47,0.9,2022-08-19,231,"age-0"
2022-08-19,117,"Mainstem","NA","Coho","44",47,0.9,2022-08-19,231,"age-0"
2022-08-19,118,"Mainstem","E0CD145","Coho","70",76,4.2,2022-08-19,231,"age-0"
2022-08-19,119,"Mainstem","NA","Coho","50",53,1.5,2022-08-19,231,"age-0"
2022-08-19,120,"Mainstem","NA","Coho","55",59,2.1,2022-08-19,231,"age-0"
2022-08-19,121,"Mainstem","NA","Coho","39",41,0.7,2022-08-19,231,"age-0"
2022-08-19,124,"Mainstem","NA","Coho","54",58,1.6,2022-08-19,231,"age-0"
2022-08-19,125,"Mainstem","NA","Coho","54",57,2.1,2022-08-19,231,"age-0"
2022-08-19,126,"Mainstem","NA","Coho","58",62,2.3,2022-08-19,231,"age-0"
2022-08-19,127,"Mainstem","NA","Coho","57",61,2.4,2022-08-19,231,"age-0"
2022-08-19,128,"Mainstem","NA","Coho","47",50,1.4,2022-08-19,231,"age-0"
2022-08-19,129,"Mainstem","NA","Coho","59",63,2.4,2022-08-19,231,"age-0"
2022-08-19,130,"Mainstem","NA","Coho","55",59,2.1,2022-08-19,231,"age-0"
2022-08-19,131,"Mainstem","NA","Coho","47",51,1.2,2022-08-19,231,"age-0"
2022-08-19,132,"Mainstem","NA","Coho","48",52,1.2,2022-08-19,231,"age-0"
2022-08-19,133,"Mainstem","NA","Coho","46",49,1.3,2022-08-19,231,"age-0"
2022-08-19,134,"Mainstem","NA","Coho","48",52,1.3,2022-08-19,231,"age-0"
2022-08-19,135,"Mainstem","NA","Coho","49",52,1.9,2022-08-19,231,"age-0"
2022-08-19,136,"Mainstem","NA","Coho","48",52,1.3,2022-08-19,231,"age-0"
2022-08-19,137,"Mainstem","NA","Coho","45",48,1.2,2022-08-19,231,"age-0"
2022-08-19,138,"Mainstem","NA","Coho","50",55,1.7,2022-08-19,231,"age-0"
2022-08-19,139,"Mainstem","NA","Coho","44",47,1,2022-08-19,231,"age-0"
2022-08-19,140,"Mainstem","NA","Coho","47",50,1.4,2022-08-19,231,"age-0"
2022-08-19,141,"Mainstem","NA","Coho","49",52,1.4,2022-08-19,231,"age-0"
2022-08-19,142,"Mainstem","NA","Coho","63",67,3.1,2022-08-19,231,"age-0"
2022-08-19,143,"Mainstem","NA","Coho","50",54,1.3,2022-08-19,231,"age-0"
2022-08-19,144,"Mainstem","NA","Coho","60",63,2.5,2022-08-19,231,"age-0"
2022-08-19,147,"Mainstem","NA","Coho","50",55,1.7,2022-08-19,231,"age-0"
2022-08-19,148,"Mainstem","NA","Coho","50",53,1.4,2022-08-19,231,"age-0"
2022-08-19,149,"Mainstem","NA","Coho","50",54,1.5,2022-08-19,231,"age-0"
2022-08-19,151,"Mainstem","NA","Coho","46",50,1.5,2022-08-19,231,"age-0"
2022-08-19,152,"Mainstem","NA","Coho","49",52,1.4,2022-08-19,231,"age-0"
2022-08-19,153,"Mainstem","E0CD0FD","Coho","76",83,5.2,2022-08-19,231,"age-1"
2022-08-19,154,"Mainstem","E0CD150","Coho","88",95,8.9,2022-08-19,231,"age-1"
2022-08-19,155,"Mainstem","NA","Coho","48",50,1.4,2022-08-19,231,"age-0"
2022-08-19,157,"Mainstem","NA","Coho","58",62,2.2,2022-08-19,231,"age-0"
2022-08-19,158,"Mainstem","NA","Coho","44",46,1.1,2022-08-19,231,"age-0"
2022-08-19,159,"Mainstem","NA","Coho","51",55,1.8,2022-08-19,231,"age-0"
2022-08-19,160,"Mainstem","NA","Coho","50",52,1.4,2022-08-19,231,"age-0"
2022-08-19,161,"Mainstem","NA","Coho","44",46,1.2,2022-08-19,231,"age-0"
2022-08-19,162,"Mainstem","NA","Coho","45",48,1.2,2022-08-19,231,"age-0"
2022-08-19,163,"Mainstem","NA","Coho","50",53,1.1,2022-08-19,231,"age-0"
2022-08-19,164,"Mainstem","NA","Coho","44",46,1,2022-08-19,231,"age-0"
2022-08-19,165,"Mainstem","E0CD149","Coho","98",105,10.6,2022-08-19,231,"age-1"
2022-08-19,166,"Mainstem","E0CD11B","Coho","79",85,5.7,2022-08-19,231,"age-1"
2022-08-19,170,"Mainstem","E0CD130","Coho","88",94,7.4,2022-08-19,231,"age-1"
2022-08-19,177,"Mainstem","E0CD206","Coho","101",109,12.9,2022-08-19,231,"age-1"
2022-08-19,181,"Mainstem","NA","Coho","47",50,1.3,2022-08-19,231,"age-0"
2022-08-19,182,"Mainstem","E0CD119","Coho","85",92,7.1,2022-08-19,231,"age-1"
2022-08-19,183,"Mainstem","E0CD125","Coho","84",90,6.8,2022-08-19,231,"age-1"
2022-08-19,185,"Mainstem","E0CD111","Coho","73",79,4.6,2022-08-19,231,"age-1"
2022-08-19,186,"Mainstem","E0CD1B4","Coho","88",96,8.9,2022-08-19,231,"age-1"
2022-08-19,187,"Mainstem","E0CD0F7","Coho","77",83,6,2022-08-19,231,"age-1"
2022-08-19,192,"Mainstem","NA","Coho","62",67,2.8,2022-08-19,231,"age-0"
2022-08-19,195,"Mainstem","E0CD0EC","Coho","93",100,9.8,2022-08-19,231,"age-1"
2022-08-19,196,"Mainstem","E0CD0F5","Coho","93",101,10.2,2022-08-19,231,"age-1"
2022-08-19,207,"Mainstem","NA","Coho","68",73,3.5,2022-08-19,231,"age-0"
2022-08-19,209,"Mainstem","E0CD1A9","Coho","88",96,8.3,2022-08-19,231,"age-1"
2022-08-19,211,"Mainstem","E0CD077","Coho","90",97,8.7,2022-08-19,231,"age-1"
2022-08-19,212,"Mainstem","E0CD13B","Coho","98",106,11,2022-08-19,231,"age-1"
2022-08-19,214,"Mainstem","E0CD114","Coho","96",102,10.6,2022-08-19,231,"age-1"
2022-08-19,215,"Mainstem","NA","Coho","57",61,2.3,2022-08-19,231,"age-0"
2022-08-19,216,"Mainstem","E0CD10F","Coho","88",94,8.3,2022-08-19,231,"age-1"
2022-08-19,217,"Mainstem","E0CD086","Coho","99",107,11.4,2022-08-19,231,"age-1"
2022-08-19,218,"Mainstem","E0CD127","Coho","90",97,8.2,2022-08-19,231,"age-1"
2022-08-19,220,"Mainstem","E0CD1F3","Coho","89",97,8.8,2022-08-19,231,"age-1"
2022-08-19,221,"Mainstem","E0CD034","Coho","86",94,7.4,2022-08-19,231,"age-1"
2022-08-19,222,"Mainstem","E0CD18E","Coho","85",91,6.9,2022-08-19,231,"age-1"
2022-08-19,233,"Mainstem","E0CD00C","Coho","105",113,13.8,2022-08-19,231,"age-1"
2022-09-01,2,"Mainstem","E0CD1AA","Coho","84",90,6.7,2022-09-01,244,"age-1"
2022-09-01,4,"Mainstem","E0CD136","Coho","95",104,9.8,2022-09-01,244,"age-1"
2022-09-01,5,"Mainstem","E0CD10B","Coho","92",100,8.2,2022-09-01,244,"age-1"
2022-09-01,6,"Mainstem","NA","Coho","63",68,2.7,2022-09-01,244,"age-0"
2022-09-01,8,"Mainstem","NA","Coho","59",63,2.4,2022-09-01,244,"age-0"
2022-09-01,10,"Mainstem","E0CD035","Coho","90",97,7.8,2022-09-01,244,"age-1"
2022-09-01,11,"Mainstem","E0CD0D2","Coho","103",111,11.5,2022-09-01,244,"age-1"
2022-09-01,16,"Mainstem","NA","Coho","50",53,1.3,2022-09-01,244,"age-0"
2022-09-01,18,"Mainstem","NA","Coho","57",60,2.1,2022-09-01,244,"age-0"
2022-09-01,19,"Mainstem","NA","Coho","55",58,1.8,2022-09-01,244,"age-0"
2022-09-01,24,"Mainstem","E0CD0AC","Coho","90",99,8.7,2022-09-01,244,"age-1"
2022-09-01,29,"Mainstem","E0CD086","Coho","101",109,11.8,2022-09-01,244,"age-1"
2022-09-01,30,"Mainstem","E0CD034","Coho","87",95,7.4,2022-09-01,244,"age-1"
2022-09-01,31,"Mainstem","NA","Coho","52",55,1.6,2022-09-01,244,"age-0"
2022-09-01,32,"Mainstem","NA","Coho","65",70,3,2022-09-01,244,"age-0"
2022-09-01,34,"Mainstem","E0CD078","Coho","90",99,7.8,2022-09-01,244,"age-1"
2022-09-01,35,"Mainstem","E0CD144","Coho","107",116,14.4,2022-09-01,244,"age-1"
2022-09-01,37,"Mainstem","E0CD13B","Coho","98",106,10.5,2022-09-01,244,"age-1"
2022-09-01,38,"Mainstem","E0CD185","Coho","87",94,7.1,2022-09-01,244,"age-1"
2022-09-01,39,"Mainstem","E0CD1A8","Coho","95",104,10.1,2022-09-01,244,"age-1"
2022-09-01,40,"Mainstem","NA","Coho","70",75,3.8,2022-09-01,244,"age-0"
2022-09-01,41,"Mainstem","NA","Coho","56",61,2.1,2022-09-01,244,"age-0"
2022-09-01,42,"Mainstem","NA","Coho","63",67,2.7,2022-09-01,244,"age-0"
2022-09-01,44,"Mainstem","E0CD077","Coho","92",98,8.9,2022-09-01,244,"age-1"
2022-09-01,45,"Mainstem","E0CD05E","Coho","81",88,6.2,2022-09-01,244,"age-1"
2022-09-01,47,"Mainstem","NA","Coho","65",70,3.1,2022-09-01,244,"age-0"
2022-09-01,51,"Mainstem","E0CD087","Coho","98",106,11,2022-09-01,244,"age-1"
2022-09-01,54,"Mainstem","E0CD031","Coho","94",102,9.4,2022-09-01,244,"age-1"
2022-09-01,55,"Mainstem","E0CD1D4","Coho","105",116,13.2,2022-09-01,244,"age-1"
2022-09-01,57,"Mainstem","E0CD0FE","Coho","77",83,5.1,2022-09-01,244,"age-1"
2022-09-01,62,"Mainstem","NA","Coho","62",66,2.8,2022-09-01,244,"age-0"
2022-09-01,63,"Mainstem","E0CD0A9","Coho","74",80,4.5,2022-09-01,244,"age-0"
2022-09-01,64,"Mainstem","NA","Coho","62",66,2.6,2022-09-01,244,"age-0"
2022-09-01,65,"Mainstem","E0CD08F","Coho","72",77,4,2022-09-01,244,"age-0"
2022-09-01,75,"Mainstem","E0CD094","Coho","95",105,10,2022-09-01,244,"age-1"
2022-09-01,81,"Mainstem","NA","Coho","54",57,1.6,2022-09-01,244,"age-0"
2022-09-01,82,"Mainstem","E0CD0D9","Coho","70",74,3.9,2022-09-01,244,"age-0"
2022-09-01,83,"Mainstem","NA","Coho","60",64,2.7,2022-09-01,244,"age-0"
2022-09-01,84,"Mainstem","NA","Coho","47",50,1.1,2022-09-01,244,"age-0"
2022-09-01,86,"Mainstem","E0CD0AF","Coho","87",95,7.1,2022-09-01,244,"age-1"
2022-09-01,87,"Mainstem","NA","Coho","55",57,1.7,2022-09-01,244,"age-0"
2022-09-01,88,"Mainstem","NA","Coho","57",60,1.8,2022-09-01,244,"age-0"
2022-09-01,90,"Mainstem","NA","Coho","57",61,2.3,2022-09-01,244,"age-0"
2022-09-01,91,"Mainstem","NA","Coho","57",60,2.1,2022-09-01,244,"age-0"
2022-09-01,92,"Mainstem","E0CD0C1","Coho","70",75,3.9,2022-09-01,244,"age-0"
2022-09-01,93,"Mainstem","E0CD150","Coho","90",97,8.2,2022-09-01,244,"age-1"
2022-09-01,94,"Mainstem","E0CD115","Coho","97",106,10.4,2022-09-01,244,"age-1"
2022-09-01,95,"Mainstem","E0CD0C6","Coho","73",78,4.2,2022-09-01,244,"age-0"
2022-09-01,97,"Mainstem","NA","Coho","61",66,2.5,2022-09-01,244,"age-0"
2022-09-01,98,"Mainstem","NA","Coho","50",52,1.3,2022-09-01,244,"age-0"
2022-09-01,99,"Mainstem","NA","Coho","45",47,0.9,2022-09-01,244,"age-0"
2022-09-01,100,"Mainstem","NA","Coho","50",53,1.3,2022-09-01,244,"age-0"
2022-09-01,102,"Mainstem","NA","Coho","67",71,3.6,2022-09-01,244,"age-0"
2022-09-01,103,"Mainstem","NA","Coho","47",50,1.1,2022-09-01,244,"age-0"
2022-09-01,105,"Mainstem","E0CD0B5","Coho","74",80,4.6,2022-09-01,244,"age-0"
2022-09-01,106,"Mainstem","NA","Coho","53",57,1.6,2022-09-01,244,"age-0"
2022-09-01,107,"Mainstem","NA","Coho","62",66,2.5,2022-09-01,244,"age-0"
2022-09-01,109,"Mainstem","NA","Coho","55",58,1.6,2022-09-01,244,"age-0"
2022-09-01,110,"Mainstem","NA","Coho","54",58,1.7,2022-09-01,244,"age-0"
2022-09-01,113,"Mainstem","E0CD0E5","Coho","93",99,8.4,2022-09-01,244,"age-1"
2022-09-01,115,"Mainstem","NA","Coho","45",46,0.9,2022-09-01,244,"age-0"
2022-09-01,118,"Mainstem","NA","Coho","68",73,3.5,2022-09-01,244,"age-0"
2022-09-01,119,"Mainstem","NA","Coho","63",68,3,2022-09-01,244,"age-0"
2022-09-01,123,"Mainstem","E0CD0E1","Coho","93",100,9.3,2022-09-01,244,"age-1"
2022-09-07,1,"Mainstem","NA","Coho","57",60,1.4,2022-09-07,250,"age-0"
2022-09-07,3,"Mainstem","E0CD135","Coho","105",115,13.2,2022-09-07,250,"age-1"
2022-09-07,4,"Mainstem","E0CD1BC","Coho","94",100,10.2,2022-09-07,250,"age-1"
2022-09-07,5,"Mainstem","E0CD08A","Coho","84",90,7.1,2022-09-07,250,"age-1"
2022-09-07,6,"Mainstem","NA","Coho","53",57,1.6,2022-09-07,250,"age-0"
2022-09-07,7,"Mainstem","E0CD132","Coho","77",83,4.3,2022-09-07,250,"age-1"
2022-09-07,9,"Mainstem","E0CD097","Coho","103",110,11.2,2022-09-07,250,"age-1"
2022-09-07,10,"Mainstem","E0CD0C8","Coho","93",103,10.6,2022-09-07,250,"age-1"
2022-09-07,11,"Mainstem","NA","Coho","54",57,1.8,2022-09-07,250,"age-0"
2022-09-07,12,"Mainstem","NA","Coho","54",58,2.6,2022-09-07,250,"age-0"
2022-09-07,13,"Mainstem","NA","Coho","61",64,1.9,2022-09-07,250,"age-0"
2022-09-07,14,"Mainstem","E0CD1F2","Coho","101",106,10.3,2022-09-07,250,"age-1"
2022-09-07,15,"Mainstem","E0CD1BF","Coho","97",103,9.7,2022-09-07,250,"age-1"
2022-09-07,16,"Mainstem","E0CD0BE","Coho","103",110,12.1,2022-09-07,250,"age-1"
2022-09-07,17,"Mainstem","NA","Coho","67",70,3.3,2022-09-07,250,"age-0"
2022-09-07,19,"Mainstem","E0CD1A2","Coho","91",99,7.6,2022-09-07,250,"age-1"
2022-09-07,20,"Mainstem","E0CD0DC","Coho","85",93,7.2,2022-09-07,250,"age-1"
2022-09-07,21,"Mainstem","E0CD0D6","Coho","107",115,13.1,2022-09-07,250,"age-1"
2022-09-07,22,"Mainstem","E0CD0A2","Coho","101",109,10.5,2022-09-07,250,"age-1"
2022-09-07,23,"Mainstem","NA","Coho","52",55,1.6,2022-09-07,250,"age-0"
2022-09-07,24,"Mainstem","E0CCFCF","Coho","96",103,10.3,2022-09-07,250,"age-1"
2022-09-07,25,"Mainstem","NA","Coho","66",70,2.8,2022-09-07,250,"age-0"
2022-09-07,26,"Mainstem","E0CD096","Coho","82",88,5.7,2022-09-07,250,"age-1"
2022-09-07,27,"Mainstem","E0CD051","Coho","99",106,10.6,2022-09-07,250,"age-1"
2022-09-07,28,"Mainstem","E0CD142","Coho","92",98,8.8,2022-09-07,250,"age-1"
2022-09-07,29,"Mainstem","NA","Coho","51",54,1.7,2022-09-07,250,"age-0"
2022-09-07,30,"Mainstem","E0CD0C2","Coho","94",100,9.5,2022-09-07,250,"age-1"
2022-09-07,31,"Mainstem","E0CD1E7","Coho","96",104,10.2,2022-09-07,250,"age-1"
2022-09-07,32,"Mainstem","E0CD0E2","Coho","89",95,7.7,2022-09-07,250,"age-1"
2022-09-07,34,"Mainstem","E0CD09E","Coho","100",108,11.3,2022-09-07,250,"age-1"
2022-09-07,37,"Mainstem","NA","Coho","65",69,2.6,2022-09-07,250,"age-0"
2022-09-07,41,"Mainstem","E0CD12F","Coho","93",97,9.4,2022-09-07,250,"age-1"
2022-09-07,42,"Mainstem","E0CD200","Coho","97",105,10.2,2022-09-07,250,"age-1"
2022-09-07,45,"Mainstem","E0CD0A0","Coho","92",97,7.6,2022-09-07,250,"age-1"
2022-09-07,60,"Mainstem","NA","Coho","52",55,2.5,2022-09-07,250,"age-0"
2022-09-07,63,"Mainstem","NA","Coho","57",60,2,2022-09-07,250,"age-0"
2022-09-07,64,"Mainstem","E0CD09C","Coho","102",110,13,2022-09-07,250,"age-1"
2022-09-07,66,"Mainstem","E0CD0A4","Coho","105",112,13.7,2022-09-07,250,"age-1"
2022-09-07,71,"Mainstem","E0CD1BB","Coho","96",104,10.6,2022-09-07,250,"age-1"
2022-09-07,75,"Mainstem","E0CD0A5","Coho","103",112,12.5,2022-09-07,250,"age-1"
2022-09-07,79,"Mainstem","E0CD0D1","Coho","93",98,8.9,2022-09-07,250,"age-1"
2022-09-07,80,"Mainstem","NA","Coho","57",60,2.2,2022-09-07,250,"age-0"
2022-09-07,90,"Mainstem","NA","Coho","59",64,2.5,2022-09-07,250,"age-0"
2022-09-07,91,"Mainstem","NA","Coho","63",67,2.7,2022-09-07,250,"age-0"
2022-09-07,98,"Mainstem","E0CD0F6","Coho","82",87,5.7,2022-09-07,250,"age-1"
2022-09-07,99,"Mainstem","E0CD0E6","Coho","87",94,7.8,2022-09-07,250,"age-1"
2022-09-07,102,"Mainstem","E0CD08E","Coho","95",104,10.1,2022-09-07,250,"age-1"
2022-09-07,103,"Mainstem","NA","Coho","65",70,2.9,2022-09-07,250,"age-0"
2022-09-07,106,"Mainstem","E0CD044","Coho","96",102,9.8,2022-09-07,250,"age-1"
2022-09-07,107,"Mainstem","NA","Coho","54",57,1.4,2022-09-07,250,"age-0"
2022-09-07,109,"Mainstem","E0CD092","Coho","98",105,11.2,2022-09-07,250,"age-1"
2022-09-07,110,"Mainstem","NA","Coho","65",69,3.1,2022-09-07,250,"age-0"
2022-09-07,111,"Mainstem","E0CD1FE","Coho","87",94,6.8,2022-09-07,250,"age-1"
2022-09-07,113,"Mainstem","E0CD036","Coho","88",95,7.8,2022-09-07,250,"age-1"
2022-09-07,114,"Mainstem","E0CD0D5","Coho","95",102,9.3,2022-09-07,250,"age-1"
2022-09-07,118,"Mainstem","NA","Coho","72",77,3.9,2022-09-07,250,"age-0"
2022-09-07,120,"Mainstem","E0CD121","Coho","83",90,6.7,2022-09-07,250,"age-1"
2022-09-07,121,"Mainstem","NA","Coho","66",71,3.3,2022-09-07,250,"age-0"
2022-09-07,124,"Mainstem","E0CD0C5","Coho","105",113,12.4,2022-09-07,250,"age-1"
2022-09-15,3,"Mainstem","NA","Coho","65",70,2.8,2022-09-15,258,"age-0"
2022-09-15,4,"Mainstem","NA","Coho","46",51,1,2022-09-15,258,"age-0"
2022-09-15,7,"Mainstem","NA","Coho","64",71,3.2,2022-09-15,258,"age-0"
2022-09-15,9,"Mainstem","NA","Coho","67",73,3.2,2022-09-15,258,"age-0"
2022-09-15,11,"Mainstem","NA","Coho","57",64,2.2,2022-09-15,258,"age-0"
2022-09-15,12,"Mainstem","NA","Coho","62",67,2.5,2022-09-15,258,"age-0"
2022-09-15,22,"Mainstem","NA","Coho","107",116,13.2,2022-09-15,258,"age-1"
2022-09-15,24,"Mainstem","NA","Coho","52",55,1.6,2022-09-15,258,"age-0"
2022-09-15,28,"Mainstem","NA","Coho","77",84,4.7,2022-09-15,258,"age-1"
2022-09-15,34,"Mainstem","NA","Coho","59",63,2.3,2022-09-15,258,"age-0"
2022-09-15,40,"Mainstem","NA","Coho","43",47,0.9,2022-09-15,258,"age-0"
2022-09-15,44,"Mainstem","NA","Coho","59",65,2.4,2022-09-15,258,"age-0"
2022-09-15,46,"Mainstem","NA","Coho","57",61,2,2022-09-15,258,"age-0"
2022-09-15,49,"Mainstem","NA","Coho","63",68,2.9,2022-09-15,258,"age-0"
2022-09-15,50,"Mainstem","NA","Coho","57",62,2.1,2022-09-15,258,"age-0"
2022-09-15,51,"Mainstem","NA","Coho","58",62,2.2,2022-09-15,258,"age-0"
2022-09-15,52,"Mainstem","E0CD056","Coho","92",99,7.9,2022-09-15,258,"age-1"
2022-09-15,54,"Mainstem","NA","Coho","65",70,3.3,2022-09-15,258,"age-0"
2022-09-15,55,"Mainstem","NA","Coho","60",64,2.4,2022-09-15,258,"age-0"
2022-09-15,59,"Mainstem","NA","Coho","76",81,4.2,2022-09-15,258,"age-0"
2022-09-15,64,"Mainstem","NA","Coho","57",62,2.1,2022-09-15,258,"age-0"
2022-09-15,65,"Mainstem","E0CD1A8","Coho","96",103,9.1,2022-09-15,258,"age-1"
2022-09-15,67,"Mainstem","E0CD078","Coho","91",99,7.9,2022-09-15,258,"age-1"
2022-09-15,68,"Mainstem","NA","Coho","51",58,2,2022-09-15,258,"age-0"
2022-09-15,69,"Mainstem","NA","Coho","95",102,9,2022-09-15,258,"age-1"
2022-09-15,71,"Mainstem","NA","Coho","67",73,3.3,2022-09-15,258,"age-0"
2022-09-15,74,"Mainstem","NA","Coho","94",102,8.9,2022-09-15,258,"age-1"
2022-09-15,77,"Mainstem","NA","Coho","71",76,3.7,2022-09-15,258,"age-0"
2022-09-15,80,"Mainstem","NA","Coho","97",105,9.3,2022-09-15,258,"age-1"
2022-09-15,82,"Mainstem","NA","Coho","97",106,9.5,2022-09-15,258,"age-1"
2022-09-15,83,"Mainstem","E0CD036","Coho","88",95,7.8,2022-09-15,258,"age-1"
2022-09-15,85,"Mainstem","NA","Coho","64",69,3,2022-09-15,258,"age-0"
2022-09-15,88,"Mainstem","NA","Coho","59",66,2.5,2022-09-15,258,"age-0"
2022-09-15,89,"Mainstem","NA","Coho","74",82,4.7,2022-09-15,258,"age-0"
2022-09-15,90,"Mainstem","E0CCFDE","Coho","94",104,9.3,2022-09-15,258,"age-1"
2022-09-15,91,"Mainstem","NA","Coho","54",57,1.7,2022-09-15,258,"age-0"
2022-09-15,92,"Mainstem","NA","Coho","51",54,1.3,2022-09-15,258,"age-0"
2022-09-15,94,"Mainstem","NA","Coho","55",59,1.6,2022-09-15,258,"age-0"
2022-09-15,95,"Mainstem","NA","Coho","54",59,1.5,2022-09-15,258,"age-0"
2022-09-22,1,"Mainstem","NA","Coho","54",58,1.7,2022-09-22,265,"age-0"
2022-09-22,2,"Mainstem","NA","Coho","59",63,2.3,2022-09-22,265,"age-0"
2022-09-22,3,"Mainstem","E0CD1A8","Coho","97",104,9.2,2022-09-22,265,"age-1"
2022-09-22,4,"Mainstem","NA","Coho","96",104,8.9,2022-09-22,265,"age-1"
2022-09-22,5,"Mainstem","NA","Coho","70",75,3.7,2022-09-22,265,"age-0"
2022-09-22,6,"Mainstem","NA","Coho","60",64,2.2,2022-09-22,265,"age-0"
2022-09-22,8,"Mainstem","NA","Coho","59",62,2,2022-09-22,265,"age-0"
2022-09-22,14,"Mainstem","NA","Coho","44",47,0.8,2022-09-22,265,"age-0"
2022-09-22,15,"Mainstem","NA","Coho","49",52,1.1,2022-09-22,265,"age-0"
2022-09-22,16,"Mainstem","NA","Coho","93",100,8.4,2022-09-22,265,"age-1"
2022-09-22,21,"Mainstem","E0CD197","Coho","97",106,9.8,2022-09-22,265,"age-1"
2022-09-22,22,"Mainstem","NA","Coho","84",90,6.1,2022-09-22,265,"age-1"
2022-09-22,24,"Mainstem","E0CD056","Coho","92",100,7.9,2022-09-22,265,"age-1"
2022-09-22,25,"Mainstem","NA","Coho","96",104,9.3,2022-09-22,265,"age-1"
2022-09-22,26,"Mainstem","NA","Coho","76",82,4.4,2022-09-22,265,"age-1"
2022-09-22,32,"Mainstem","NA","Coho","92",100,8.5,2022-09-22,265,"age-1"
2022-09-22,33,"Mainstem","NA","Coho","55",58,1.6,2022-09-22,265,"age-0"
2022-09-22,34,"Mainstem","NA","Coho","48",51,1.1,2022-09-22,265,"age-0"
2022-09-22,35,"Mainstem","E0CD0F6","Coho","82",89,5.8,2022-09-22,265,"age-1"
2022-09-22,38,"Mainstem","NA","Coho","55",59,1.7,2022-09-22,265,"age-0"
2022-09-22,39,"Mainstem","NA","Coho","50",53,1.4,2022-09-22,265,"age-0"
2022-09-22,42,"Mainstem","NA","Coho","59",63,2.2,2022-09-22,265,"age-0"
2022-09-22,47,"Mainstem","NA","Coho","57",61,1.8,2022-09-22,265,"age-0"
2022-09-22,50,"Mainstem","E0CD212","Coho","108",118,13.6,2022-09-22,265,"age-1"
2022-09-22,54,"Mainstem","NA","Coho","58",62,2.1,2022-09-22,265,"age-0"
2022-09-22,57,"Mainstem","E0CD17A","Coho","88",95,7.2,2022-09-22,265,"age-1"
2022-09-22,58,"Mainstem","NA","Coho","88",95,7,2022-09-22,265,"age-1"
2022-09-22,59,"Mainstem","E0CD132","Coho","77",84,4.9,2022-09-22,265,"age-1"
2022-09-22,61,"Mainstem","NA","Coho","105",115,12.8,2022-09-22,265,"age-1"
2022-09-22,67,"Mainstem","NA","Coho","95",103,9.5,2022-09-22,265,"age-1"
2022-09-22,73,"Mainstem","NA","Coho","111",121,15,2022-09-22,265,"age-1"
2022-09-22,79,"Mainstem","E0CD00B","Coho","90",98,7.7,2022-09-22,265,"age-1"
2022-09-22,83,"Mainstem","NA","Coho","73",78,3.8,2022-09-22,265,"age-0"
2022-09-22,84,"Mainstem","NA","Coho","65",70,2.7,2022-09-22,265,"age-0"
2022-09-22,92,"Mainstem","NA","Coho","92",99,8.1,2022-09-22,265,"age-1"
2022-09-22,94,"Mainstem","NA","Coho","69",73,3.2,2022-09-22,265,"age-0"
2022-10-04,1,"Mainstem","NA","Coho","53",57,1.9,2022-10-04,277,"age-0"
2022-10-04,2,"Mainstem","NA","Coho","50",55,1.5,2022-10-04,277,"age-0"
2022-10-04,3,"Mainstem","NA","Coho","55",59,1.7,2022-10-04,277,"age-0"
2022-10-04,4,"Mainstem","NA","Coho","55",60,1.9,2022-10-04,277,"age-0"
2022-10-04,5,"Mainstem","NA","Coho","60",64,2.3,2022-10-04,277,"age-0"
2022-10-04,6,"Mainstem","NA","Coho","65",70,3.4,2022-10-04,277,"age-0"
2022-10-04,7,"Mainstem","NA","Coho","55",58,1.8,2022-10-04,277,"age-0"
2022-10-04,8,"Mainstem","NA","Coho","63",68,2.8,2022-10-04,277,"age-0"
2022-10-04,9,"Mainstem","NA","Coho","60",65,2.6,2022-10-04,277,"age-0"
2022-10-04,14,"Mainstem","NA","Coho","61",66,2.2,2022-10-04,277,"age-0"
2022-10-04,15,"Mainstem","NA","Coho","61",65,2.8,2022-10-04,277,"age-0"
2022-10-04,17,"Mainstem","NA","Coho","66",71,3,2022-10-04,277,"age-0"
2022-10-04,18,"Mainstem","NA","Coho","54",58,1.8,2022-10-04,277,"age-0"
2022-10-04,19,"Mainstem","NA","Coho","57",62,2.2,2022-10-04,277,"age-0"
2022-10-04,20,"Mainstem","E0CD145","Coho","79",80,4.6,2022-10-04,277,"age-0"
2022-10-04,21,"Mainstem","E0CD05E","Coho","84",91,7.1,2022-10-04,277,"age-1"
2022-10-04,25,"Mainstem","NA","Coho","74",80,3.4,2022-10-04,277,"age-0"
2022-10-04,26,"Mainstem","NA","Coho","66",72,3.3,2022-10-04,277,"age-0"
2022-10-04,27,"Mainstem","NA","Coho","72",78,4.2,2022-10-04,277,"age-0"
2022-10-04,29,"Mainstem","NA","Coho","95",104,9.3,2022-10-04,277,"age-1"
2022-10-04,30,"Mainstem","NA","Coho","58",62,2,2022-10-04,277,"age-0"
2022-10-04,31,"Mainstem","NA","Coho","55",58,1.7,2022-10-04,277,"age-0"
2022-10-04,34,"Mainstem","E0CD052","Coho","103",111,11.2,2022-10-04,277,"age-1"
2022-10-04,35,"Mainstem","NA","Coho","59",63,2.4,2022-10-04,277,"age-0"
2022-10-04,36,"Mainstem","NA","Coho","59",63,2.2,2022-10-04,277,"age-0"
2022-10-04,37,"Mainstem","NA","Coho","69",74,3.7,2022-10-04,277,"age-0"
2022-10-04,38,"Mainstem","NA","Coho","65",71,3.3,2022-10-04,277,"age-0"
2022-10-04,39,"Mainstem","NA","Coho","86",94,6.5,2022-10-04,277,"age-1"
2022-10-04,40,"Mainstem","E0CD0A9","Coho","77",83,5.5,2022-10-04,277,"age-1"
2022-10-04,41,"Mainstem","NA","Coho","56",61,1.9,2022-10-04,277,"age-0"
2022-10-04,42,"Mainstem","NA","Coho","52",56,1.7,2022-10-04,277,"age-0"
2022-10-04,43,"Mainstem","NA","Coho","54",58,1.8,2022-10-04,277,"age-0"
2022-10-04,44,"Mainstem","NA","Coho","63",67,2.6,2022-10-04,277,"age-0"
2022-10-04,45,"Mainstem","NA","Coho","70",75,3.9,2022-10-04,277,"age-0"
2022-10-04,48,"Mainstem","NA","Coho","60",64,2.2,2022-10-04,277,"age-0"
2022-10-04,49,"Mainstem","NA","Coho","60",64,2.3,2022-10-04,277,"age-0"
2022-10-04,50,"Mainstem","NA","Coho","71",74,3.5,2022-10-04,277,"age-0"
2022-10-04,51,"Mainstem","NA","Coho","57",61,1.8,2022-10-04,277,"age-0"
2022-10-04,52,"Mainstem","NA","Coho","72",77,4.1,2022-10-04,277,"age-0"
2022-10-04,53,"Mainstem","NA","Coho","65",70,3,2022-10-04,277,"age-0"
2022-10-04,54,"Mainstem","NA","Coho","50",54,1.3,2022-10-04,277,"age-0"
2022-10-04,55,"Mainstem","NA","Coho","56",60,1.8,2022-10-04,277,"age-0"
2022-10-04,56,"Mainstem","NA","Coho","49",52,1.1,2022-10-04,277,"age-0"
2022-10-04,57,"Mainstem","NA","Coho","67",73,3,2022-10-04,277,"age-0"
2022-10-04,58,"Mainstem","NA","Coho","55",58,1.8,2022-10-04,277,"age-0"
2022-10-04,59,"Mainstem","NA","Coho","66",65,2.7,2022-10-04,277,"age-0"
2022-10-04,60,"Mainstem","NA","Coho","62",66,2.6,2022-10-04,277,"age-0"
2022-10-04,62,"Mainstem","NA","Coho","60",64,2.2,2022-10-04,277,"age-0"
2022-10-04,63,"Mainstem","NA","Coho","63",67,2.8,2022-10-04,277,"age-0"
2022-10-04,64,"Mainstem","NA","Coho","68",72,3,2022-10-04,277,"age-0"
2022-10-04,65,"Mainstem","NA","Coho","73",79,4.4,2022-10-04,277,"age-0"
2022-10-04,66,"Mainstem","NA","Coho","92",100,8.3,2022-10-04,277,"age-1"
2022-10-04,67,"Mainstem","NA","Coho","93",100,9.1,2022-10-04,277,"age-1"
2022-10-04,68,"Mainstem","NA","Coho","53",57,1.7,2022-10-04,277,"age-0"
2022-10-04,69,"Mainstem","NA","Coho","48",51,1.3,2022-10-04,277,"age-0"
2022-10-04,70,"Mainstem","NA","Coho","67",72,3,2022-10-04,277,"age-0"
2022-10-04,71,"Mainstem","NA","Coho","69",75,3.5,2022-10-04,277,"age-0"
2022-10-04,74,"Mainstem","E0CD0C6","Coho","76",81,5.1,2022-10-04,277,"age-0"
2022-10-04,75,"Mainstem","NA","Coho","80",86,5.5,2022-10-04,277,"age-1"
2022-10-04,76,"Mainstem","NA","Coho","71",76,3.9,2022-10-04,277,"age-0"
2022-10-04,77,"Mainstem","NA","Coho","64",69,2.9,2022-10-04,277,"age-0"
2022-10-04,78,"Mainstem","NA","Coho","48",51,1.1,2022-10-04,277,"age-0"
2022-10-04,79,"Mainstem","NA","Coho","68",73,3.5,2022-10-04,277,"age-0"
2022-10-04,80,"Mainstem","NA","Coho","62",67,2.3,2022-10-04,277,"age-0"
2022-10-04,81,"Mainstem","NA","Coho","55",60,1.7,2022-10-04,277,"age-0"
2022-10-04,82,"Mainstem","NA","Coho","78",83,5.5,2022-10-04,277,"age-1"
2022-10-04,87,"Mainstem","NA","Coho","67",72,2.8,2022-10-04,277,"age-0"
2022-10-04,89,"Mainstem","NA","Coho","57",62,2.1,2022-10-04,277,"age-0"
2022-10-04,90,"Mainstem","NA","Coho","66",71,3.2,2022-10-04,277,"age-0"
2022-10-04,91,"Mainstem","NA","Coho","60",65,2.2,2022-10-04,277,"age-0"
2022-10-04,92,"Mainstem","NA","Coho","61",66,2.6,2022-10-04,277,"age-0"
2022-10-04,93,"Mainstem","NA","Coho","55",59,2,2022-10-04,277,"age-0"
2022-10-04,99,"Mainstem","NA","Coho","74",80,4.1,2022-10-04,277,"age-0"
2022-10-04,100,"Mainstem","NA","Coho","61",66,2.6,2022-10-04,277,"age-0"
2022-10-04,102,"Mainstem","NA","Coho","83",90,6.3,2022-10-04,277,"age-1"
2022-10-04,103,"Mainstem","NA","Coho","60",65,2.7,2022-10-04,277,"age-0"
2022-10-04,104,"Mainstem","NA","Coho","74",79,3.8,2022-10-04,277,"age-0"
2022-10-04,106,"Mainstem","NA","Coho","67",72,3.3,2022-10-04,277,"age-0"
2022-10-04,107,"Mainstem","NA","Coho","65",69,2.7,2022-10-04,277,"age-0"
2022-10-04,109,"Mainstem","E0CD1BC","Coho","96",103,9.9,2022-10-04,277,"age-1"
2022-10-04,111,"Mainstem","NA","Coho","97",107,10.6,2022-10-04,277,"age-1"
2022-10-04,113,"Mainstem","NA","Coho","86",93,6.6,2022-10-04,277,"age-1"
2022-10-04,114,"Mainstem","NA","Coho","102",110,11.8,2022-10-04,277,"age-1"
2022-10-04,118,"Mainstem","E0CD0C8","Coho","99",108,10.2,2022-10-04,277,"age-1"
2022-10-04,120,"Mainstem","E0CCFCF","Coho","99",107,11.2,2022-10-04,277,"age-1"
2022-10-04,121,"Mainstem","NA","Coho","88",95,7.4,2022-10-04,277,"age-1"
2022-10-04,122,"Mainstem","NA","Coho","92",101,9.5,2022-10-04,277,"age-1"
2022-10-04,125,"Mainstem","NA","Coho","92",100,8.2,2022-10-04,277,"age-1"
2022-10-04,126,"Mainstem","NA","Coho","60",65,2.3,2022-10-04,277,"age-0"
2022-10-04,127,"Mainstem","NA","Coho","55",57,1.9,2022-10-04,277,"age-0"
2022-10-04,133,"Mainstem","NA","Coho","71",77,3.7,2022-10-04,277,"age-0"
2022-10-04,134,"Mainstem","NA","Coho","63",67,2.4,2022-10-04,277,"age-0"
2022-10-04,138,"Mainstem","NA","Coho","77",83,5.1,2022-10-04,277,"age-1"
2022-10-04,139,"Mainstem","E0CD0A0","Coho","92",99,7.7,2022-10-04,277,"age-1"
2022-10-04,141,"Mainstem","NA","Coho","92",100,9,2022-10-04,277,"age-1"
2022-10-04,150,"Mainstem","NA","Coho","54",58,1.6,2022-10-04,277,"age-0"
2022-10-04,152,"Mainstem","E0CD19A","Coho","91",100,8.4,2022-10-04,277,"age-1"
2022-10-04,154,"Mainstem","NA","Coho","95",104,9.4,2022-10-04,277,"age-1"
2022-10-04,157,"Mainstem","NA","Coho","72",78,4.3,2022-10-04,277,"age-0"
2022-10-20,1,"Mainstem","NA","Coho","66",70,3.3,2022-10-20,293,"age-0"
2022-10-20,2,"Mainstem","NA","Coho","68",74,3.4,2022-10-20,293,"age-0"
2022-10-20,4,"Mainstem","NA","Coho","49",53,1.3,2022-10-20,293,"age-0"
2022-10-20,5,"Mainstem","NA","Coho","58",62,2,2022-10-20,293,"age-0"
2022-10-20,6,"Mainstem","NA","Coho","55",59,1.7,2022-10-20,293,"age-0"
2022-10-20,8,"Mainstem","NA","Coho","94",103,9.1,2022-10-20,293,"age-1"
2022-10-20,9,"Mainstem","NA","Coho","68",73,3.4,2022-10-20,293,"age-0"
2022-10-20,10,"Mainstem","NA","Coho","46",49,1,2022-10-20,293,"age-0"
2022-10-20,11,"Mainstem","NA","Coho","58",62,2.3,2022-10-20,293,"age-0"
2022-10-20,12,"Mainstem","NA","Coho","55",58,1.7,2022-10-20,293,"age-0"
2022-10-20,13,"Mainstem","NA","Coho","54",58,1.7,2022-10-20,293,"age-0"
2022-10-20,16,"Mainstem","NA","Coho","43",46,0.9,2022-10-20,293,"age-0"
2022-10-20,18,"Mainstem","NA","Coho","58",62,2,2022-10-20,293,"age-0"
2022-10-20,19,"Mainstem","NA","Coho","56",60,1.8,2022-10-20,293,"age-0"
2022-10-20,20,"Mainstem","NA","Coho","49",53,1.3,2022-10-20,293,"age-0"
2022-10-20,21,"Mainstem","NA","Coho","50",53,1.3,2022-10-20,293,"age-0"
2022-10-20,22,"Mainstem","NA","Coho","53",56,1.4,2022-10-20,293,"age-0"
2022-10-20,25,"Mainstem","NA","Coho","57",61,1.8,2022-10-20,293,"age-0"
2022-10-20,26,"Mainstem","NA","Coho","50",55,1.4,2022-10-20,293,"age-0"
2022-10-20,30,"Mainstem","NA","Coho","62",66,2.6,2022-10-20,293,"age-0"
2022-10-20,31,"Mainstem","NA","Coho","57",60,2.3,2022-10-20,293,"age-0"
2022-10-20,33,"Mainstem","NA","Coho","55",60,1.8,2022-10-20,293,"age-0"
2022-10-20,35,"Mainstem","NA","Coho","56",60,2.1,2022-10-20,293,"age-0"
2022-10-20,36,"Mainstem","NA","Coho","62",67,2.7,2022-10-20,293,"age-0"
2022-10-20,37,"Mainstem","E0CD024","Coho","89",97,7.5,2022-10-20,293,"age-1"
2022-10-20,39,"Mainstem","NA","Coho","49",53,1.4,2022-10-20,293,"age-0"
2022-10-20,40,"Mainstem","NA","Coho","58",61,2,2022-10-20,293,"age-0"
2022-10-20,41,"Mainstem","NA","Coho","51",54,1.4,2022-10-20,293,"age-0"
2022-10-20,42,"Mainstem","NA","Coho","59",63,2.4,2022-10-20,293,"age-0"
2022-10-20,43,"Mainstem","NA","Coho","66",70,3.3,2022-10-20,293,"age-0"
2022-10-20,44,"Mainstem","NA","Coho","59",64,2.2,2022-10-20,293,"age-0"
2022-10-20,45,"Mainstem","NA","Coho","57",61,2.1,2022-10-20,293,"age-0"
2022-10-20,46,"Mainstem","NA","Coho","68",73,3.3,2022-10-20,293,"age-0"
2022-10-20,48,"Mainstem","NA","Coho","48",51,1.2,2022-10-20,293,"age-0"
2022-10-20,49,"Mainstem","NA","Coho","58",62,2.1,2022-10-20,293,"age-0"
2022-10-20,51,"Mainstem","NA","Coho","61",66,2.5,2022-10-20,293,"age-0"
2022-10-20,52,"Mainstem","NA","Coho","56",60,2,2022-10-20,293,"age-0"
2022-10-20,53,"Mainstem","NA","Coho","53",55,1.5,2022-10-20,293,"age-0"
2022-10-20,55,"Mainstem","NA","Coho","63",68,2.7,2022-10-20,293,"age-0"
2022-10-20,56,"Mainstem","NA","Coho","49",52,1.2,2022-10-20,293,"age-0"
2022-10-20,59,"Mainstem","NA","Coho","59",64,2.1,2022-10-20,293,"age-0"
2022-10-20,60,"Mainstem","NA","Coho","46",48,1.1,2022-10-20,293,"age-0"
2022-10-20,63,"Mainstem","NA","Coho","45",48,0.9,2022-10-20,293,"age-0"
2022-10-20,64,"Mainstem","NA","Coho","52",55,1.4,2022-10-20,293,"age-0"
2022-10-20,65,"Mainstem","NA","Coho","49",52,1.3,2022-10-20,293,"age-0"
2022-10-20,66,"Mainstem","NA","Coho","42",45,0.8,2022-10-20,293,"age-0"
2022-10-20,69,"Mainstem","NA","Coho","65",69,2.5,2022-10-20,293,"age-0"
2022-10-20,71,"Mainstem","NA","Coho","47",50,1,2022-10-20,293,"age-0"
2022-10-20,72,"Mainstem","NA","Coho","55",58,1.6,2022-10-20,293,"age-0"
2022-10-20,75,"Mainstem","NA","Coho","49",52,1.3,2022-10-20,293,"age-0"
2022-10-20,76,"Mainstem","NA","Coho","58",62,2.3,2022-10-20,293,"age-0"
2022-10-20,77,"Mainstem","NA","Coho","49",52,1.4,2022-10-20,293,"age-0"
2022-10-20,79,"Mainstem","NA","Coho","63",67,2.5,2022-10-20,293,"age-0"
2022-10-20,81,"Mainstem","NA","Coho","51",54,1.4,2022-10-20,293,"age-0"
2022-10-20,82,"Mainstem","NA","Coho","70",75,3.7,2022-10-20,293,"age-0"
2022-10-20,83,"Mainstem","NA","Coho","55",59,1.7,2022-10-20,293,"age-0"
2022-10-20,86,"Mainstem","NA","Coho","55",58,1.8,2022-10-20,293,"age-0"
2022-10-20,88,"Mainstem","NA","Coho","48",52,1.3,2022-10-20,293,"age-0"
2022-10-20,89,"Mainstem","NA","Coho","50",54,1.3,2022-10-20,293,"age-0"
2022-10-20,90,"Mainstem","NA","Coho","58",63,2.2,2022-10-20,293,"age-0"
2022-10-20,91,"Mainstem","NA","Coho","65",70,2.9,2022-10-20,293,"age-0"
2022-10-20,92,"Mainstem","NA","Coho","64",68,2.7,2022-10-20,293,"age-0"
2022-10-20,93,"Mainstem","NA","Coho","56",60,1.9,2022-10-20,293,"age-0"
2022-10-20,94,"Mainstem","NA","Coho","48",50,1,2022-10-20,293,"age-0"
2022-10-20,95,"Mainstem","NA","Coho","70",75,3.6,2022-10-20,293,"age-0"
2022-10-20,96,"Mainstem","NA","Coho","60",65,2.5,2022-10-20,293,"age-0"
2022-10-20,98,"Mainstem","NA","Coho","52",55,1.3,2022-10-20,293,"age-0"
2022-10-20,100,"Mainstem","NA","Coho","45",48,1,2022-10-20,293,"age-0"
2022-10-20,101,"Mainstem","NA","Coho","65",70,3.3,2022-10-20,293,"age-0"
2022-10-20,102,"Mainstem","NA","Coho","55",60,1.9,2022-10-20,293,"age-0"
2022-10-20,104,"Mainstem","NA","Coho","54",57,1.6,2022-10-20,293,"age-0"
2022-10-20,105,"Mainstem","NA","Coho","50",52,1.2,2022-10-20,293,"age-0"
2022-10-20,106,"Mainstem","NA","Coho","44",47,0.9,2022-10-20,293,"age-0"
2022-10-20,108,"Mainstem","NA","Coho","60",65,2.2,2022-10-20,293,"age-0"
2022-10-20,110,"Mainstem","NA","Coho","52",55,1.3,2022-10-20,293,"age-0"
2022-10-20,111,"Mainstem","NA","Coho","50",53,1.2,2022-10-20,293,"age-0"
2022-10-20,112,"Mainstem","NA","Coho","51",55,1.6,2022-10-20,293,"age-0"
2022-10-20,113,"Mainstem","NA","Coho","50",54,1.3,2022-10-20,293,"age-0"
2022-10-20,116,"Mainstem","NA","Coho","60",64,2.4,2022-10-20,293,"age-0"
2022-10-20,117,"Mainstem","NA","Coho","55",58,1.7,2022-10-20,293,"age-0"
2022-10-20,118,"Mainstem","NA","Coho","47",49,1,2022-10-20,293,"age-0"
2022-10-20,120,"Mainstem","NA","Coho","53",56,1.4,2022-10-20,293,"age-0"
2022-10-27,2,"Mainstem","NA","Coho","48",51,1.2,2022-10-27,300,"age-0"
2022-10-27,3,"Mainstem","NA","Coho","49",52,1.1,2022-10-27,300,"age-0"
2022-10-27,4,"Mainstem","NA","Coho","59",63,2.1,2022-10-27,300,"age-0"
2022-10-27,6,"Mainstem","NA","Coho","51",54,1.4,2022-10-27,300,"age-0"
2022-10-27,7,"Mainstem","NA","Coho","66",71,2.8,2022-10-27,300,"age-0"
2022-10-27,8,"Mainstem","NA","Coho","51",55,1.4,2022-10-27,300,"age-0"
2022-10-27,9,"Mainstem","NA","Coho","45",47,0.8,2022-10-27,300,"age-0"
2022-10-27,10,"Mainstem","NA","Coho","60",65,2.3,2022-10-27,300,"age-0"
2022-10-27,11,"Mainstem","NA","Coho","99",106,9.7,2022-10-27,300,"age-1"
2022-10-27,12,"Mainstem","NA","Coho","52",56,1.3,2022-10-27,300,"age-0"
2022-10-27,13,"Mainstem","NA","Coho","99",105,9.9,2022-10-27,300,"age-1"
2022-10-27,14,"Mainstem","NA","Coho","59",63,2.1,2022-10-27,300,"age-0"
2022-10-27,17,"Mainstem","NA","Coho","48",51,1.2,2022-10-27,300,"age-0"
2022-10-27,18,"Mainstem","NA","Coho","66",71,2.9,2022-10-27,300,"age-0"
2022-10-27,20,"Mainstem","NA","Coho","50",53,1.1,2022-10-27,300,"age-0"
2022-10-27,21,"Mainstem","NA","Coho","57",61,2,2022-10-27,300,"age-0"
2022-10-27,23,"Mainstem","NA","Coho","70",75,3.7,2022-10-27,300,"age-0"
2022-10-27,24,"Mainstem","NA","Coho","48",52,1.1,2022-10-27,300,"age-0"
2022-10-27,25,"Mainstem","NA","Coho","68",72,3.3,2022-10-27,300,"age-0"
2022-10-27,26,"Mainstem","NA","Coho","55",58,1.8,2022-10-27,300,"age-0"
2022-10-27,27,"Mainstem","NA","Coho","53",56,1.6,2022-10-27,300,"age-0"
2022-10-27,29,"Mainstem","NA","Coho","64",68,2.7,2022-10-27,300,"age-0"
2022-10-27,30,"Mainstem","NA","Coho","60",65,2.1,2022-10-27,300,"age-0"
2022-10-27,32,"Mainstem","NA","Coho","49",53,1.6,2022-10-27,300,"age-0"
2022-10-27,33,"Mainstem","NA","Coho","59",63,2.2,2022-10-27,300,"age-0"
2022-10-27,34,"Mainstem","NA","Coho","50",52,1.2,2022-10-27,300,"age-0"
2022-10-27,36,"Mainstem","NA","Coho","58",63,2.9,2022-10-27,300,"age-0"
2022-10-27,37,"Mainstem","NA","Coho","50",53,1.3,2022-10-27,300,"age-0"
2022-10-27,38,"Mainstem","NA","Coho","58",63,2.5,2022-10-27,300,"age-0"
2022-10-27,40,"Mainstem","NA","Coho","65",70,2.6,2022-10-27,300,"age-0"
2022-10-27,43,"Mainstem","NA","Coho","72",78,4.3,2022-10-27,300,"age-0"
2022-10-27,45,"Mainstem","NA","Coho","60",65,2.1,2022-10-27,300,"age-0"
2022-10-27,48,"Mainstem","NA","Coho","62",67,2.5,2022-10-27,300,"age-0"
2022-10-27,49,"Mainstem","NA","Coho","60",64,2.1,2022-10-27,300,"age-0"
2022-10-27,50,"Mainstem","NA","Coho","62",67,2.5,2022-10-27,300,"age-0"
2022-10-27,51,"Mainstem","NA","Coho","60",65,2.2,2022-10-27,300,"age-0"
2022-10-27,55,"Mainstem","NA","Coho","63",67,2.2,2022-10-27,300,"age-0"
2022-10-27,56,"Mainstem","NA","Coho","44",46,0.9,2022-10-27,300,"age-0"
2022-10-27,60,"Mainstem","NA","Coho","98",103,9,2022-10-27,300,"age-1"
2022-10-27,61,"Mainstem","NA","Coho","58",62,2,2022-10-27,300,"age-0"
2022-10-27,63,"Mainstem","NA","Coho","56",60,1.9,2022-10-27,300,"age-0"
2022-10-27,71,"Mainstem","NA","Coho","52",55,1.3,2022-10-27,300,"age-0"
2022-10-27,72,"Mainstem","NA","Coho","50",53,1.4,2022-10-27,300,"age-0"
2022-10-27,73,"Mainstem","NA","Coho","51",54,1.4,2022-10-27,300,"age-0"
2022-10-27,74,"Mainstem","NA","Coho","45",47,0.8,2022-10-27,300,"age-0"
2022-10-27,75,"Mainstem","NA","Coho","48",51,1.1,2022-10-27,300,"age-0"
2022-10-27,76,"Mainstem","NA","Coho","44",47,0.8,2022-10-27,300,"age-0"
2022-10-27,77,"Mainstem","NA","Coho","62",67,2.4,2022-10-27,300,"age-0"
2022-10-27,79,"Mainstem","NA","Coho","52",55,1.5,2022-10-27,300,"age-0"
2022-10-27,80,"Mainstem","NA","Coho","43",45,0.8,2022-10-27,300,"age-0"
2022-10-27,81,"Mainstem","NA","Coho","45",48,0.9,2022-10-27,300,"age-0"
2022-10-27,82,"Mainstem","NA","Coho","51",54,1.3,2022-10-27,300,"age-0"
2022-10-27,83,"Mainstem","NA","Coho","48",50,1,2022-10-27,300,"age-0"
2022-10-27,84,"Mainstem","NA","Coho","49",52,1.1,2022-10-27,300,"age-0"
2022-10-27,86,"Mainstem","NA","Coho","45",48,0.9,2022-10-27,300,"age-0"
2022-10-27,87,"Mainstem","NA","Coho","54",58,1.6,2022-10-27,300,"age-0"
2022-10-27,88,"Mainstem","NA","Coho","50",54,1.3,2022-10-27,300,"age-0"
2022-10-27,90,"Mainstem","NA","Coho","58",63,1.9,2022-10-27,300,"age-0"
2022-10-27,91,"Mainstem","NA","Coho","49",53,1.3,2022-10-27,300,"age-0"
2022-10-27,92,"Mainstem","NA","Coho","49",53,1.3,2022-10-27,300,"age-0"
2022-10-27,94,"Mainstem","NA","Coho","50",53,1.2,2022-10-27,300,"age-0"
2022-10-27,95,"Mainstem","NA","Coho","64",68,2.9,2022-10-27,300,"age-0"
2022-10-27,96,"Mainstem","NA","Coho","62",68,2.5,2022-10-27,300,"age-0"
2022-10-27,97,"Mainstem","NA","Coho","45",47,0.8,2022-10-27,300,"age-0"
2022-10-27,98,"Mainstem","NA","Coho","41",43,0.7,2022-10-27,300,"age-0"
2022-10-27,101,"Mainstem","NA","Coho","56",60,1.8,2022-10-27,300,"age-0"
2022-10-27,104,"Mainstem","NA","Coho","58",62,2,2022-10-27,300,"age-0"
2022-10-27,107,"Mainstem","NA","Coho","58",62,2.3,2022-10-27,300,"age-0"
2022-10-27,108,"Mainstem","NA","Coho","58",62,2.1,2022-10-27,300,"age-0"
2022-10-27,109,"Mainstem","NA","Coho","53",58,1.8,2022-10-27,300,"age-0"
2022-10-27,111,"Mainstem","NA","Coho","69",73,3.5,2022-10-27,300,"age-0"
2022-10-27,112,"Mainstem","NA","Coho","66",72,3.1,2022-10-27,300,"age-0"
2022-10-27,116,"Mainstem","NA","Coho","51",55,1.4,2022-10-27,300,"age-0"
2022-10-27,118,"Mainstem","NA","Coho","54",57,1.7,2022-10-27,300,"age-0"
2022-10-27,119,"Mainstem","NA","Coho","62",67,2.4,2022-10-27,300,"age-0"
